ID,2013 Pořadí skokani,2013 Pořadí skokani kraj,2013 Pořadí skokani kategorie,2013 Pořadí skokani kraj kategorie,2014 Pořadí skokani,2014 Pořadí skokani kraj,2014 Pořadí skokani kategorie,2014 Pořadí skokani kraj kategorie,2015 Pořadí skokani,2015 Pořadí skokani kraj,2015 Pořadí skokani kategorie,2015 Pořadí skokani kraj kategorie,2016 Pořadí skokani,2016 Pořadí skokani kraj,2016 Pořadí skokani kategorie,2016 Pořadí skokani kraj kategorie,2017 Pořadí skokani,2017 Pořadí skokani kraj,2017 Pořadí skokani kategorie,2017 Pořadí skokani kraj kategorie,2018 Pořadí skokani,2018 Pořadí skokani kraj,2018 Pořadí skokani kategorie,2018 Pořadí skokani kraj kategorie,2019 Pořadí skokani,2019 Pořadí skokani kraj,2019 Pořadí skokani kategorie,2019 Pořadí skokani kraj kategorie,2020 Pořadí skokani,2020 Pořadí skokani kraj,2020 Pořadí skokani kategorie,2020 Pořadí skokani kraj kategorie,2021 Pořadí skokani,2021 Pořadí skokani kraj,2021 Pořadí skokani kategorie,2021 Pořadí skokani kraj kategorie,2022 Pořadí skokani,2022 Pořadí skokani kraj,2022 Pořadí skokani kategorie,2022 Pořadí skokani kraj kategorie,2023 Pořadí skokani,2023 Pořadí skokani kraj,2023 Pořadí skokani kategorie,2023 Pořadí skokani kraj kategorie,2024 Pořadí skokani,2024 Pořadí skokani kraj,2024 Pořadí skokani kategorie,2024 Pořadí skokani kraj kategorie,2025 Pořadí skokani,2025 Pořadí skokani kraj,2025 Pořadí skokani kategorie,2025 Pořadí skokani kraj kategorie,2026 Pořadí skokani,2026 Pořadí skokani kraj,2026 Pořadí skokani kategorie,2026 Pořadí skokani kraj kategorie,2027 Pořadí skokani,2027 Pořadí skokani kraj,2027 Pořadí skokani kategorie,2027 Pořadí skokani kraj kategorie
41223,1,1,,,,,,,,,,,,,,,,,,,,,,,,,,,,,,,,,,,,,,,,,,,,,,,,,,,,,,,,,,
36498,2,1,1,1,30,10,7,2,19,5,5,2,68,11,14,4,3,2,1,1,90,21,,,54,13,,,97,30,,,95,27,,,,,,,,,,,,,,,,,,,,,,,,,,
21262,3,1,,,42,11,,,30,9,,,70,15,,,34,8,,,31,5,,,43,8,,,51,3,,,49,3,,,69,3,,,97,5,,,72,4,,,90,8,,,123,9,,,,,,
39530,4,1,,,,,,,,,,,,,,,,,,,,,,,,,,,,,,,,,,,,,,,,,,,,,,,,,,,,,,,,,,
30242,5,1,,,52,13,,,39,11,,,58,13,,,54,11,,,74,16,,,26,4,,,84,11,,,78,8,,,,,,,,,,,,,,,,,,,,,,,,,,
29279,6,2,,,57,14,,,,,,,,,,,,,,,,,,,,,,,,,,,,,,,16,1,,,,,,,,,,,,,,,,,,,,,,
14119,7,2,,,22,2,,,71,4,,,,,,,38,3,,,62,12,,,,,,,,,,,,,,,,,,,,,,,82,9,,,161,20,,,,,,,,,,
51780,7,2,,,55,16,,,47,8,,,80,15,,,,,,,,,,,,,,,15,8,,,72,20,,,78,25,,,107,33,,,126,31,,,,,,,,,,,,,,
19656,9,1,,,40,5,,,,,,,,,,,,,,,20,3,,,72,7,,,31,2,,,46,3,,,45,12,,,59,13,,,94,22,,,81,12,,,169,30,,,,,,
25899,10,3,,,28,9,,,32,4,,,5,3,,,54,10,,,16,4,,,43,6,,,71,3,,,35,7,,,87,12,,,86,28,,,,,,,,,,,55,13,,,,,,
39553,11,3,2,1,14,6,6,3,60,14,9,4,6,1,3,1,7,1,2,1,92,20,,,78,16,,,,,,,,,,,,,,,,,,,,,,,,,,,140,4,,,,,,
11893,12,4,,,,,,,,,,,,,,,,,,,,,,,,,,,,,,,,,,,,,,,,,,,62,17,,,73,11,,,128,24,,,12,4,,
32604,13,3,3,1,,,,,,,,,41,3,,,45,5,,,77,17,,,3,1,,,35,7,,,102,11,,,89,4,,,53,6,,,98,12,,,81,7,,,10,2,,,,,,
40128,14,2,3,1,49,7,8,2,4,2,4,2,43,4,11,2,34,3,,,55,3,,,58,6,,,21,3,,,78,2,,,17,1,,,93,3,,,56,4,,,51,1,,,166,7,,,2,1,,
28662,15,4,5,2,2,1,,,51,4,,,18,2,,,68,5,,,41,1,,,30,3,,,101,4,,,40,1,,,70,2,,,13,2,,,33,5,,,137,16,,,86,12,,,,,,
48172,16,5,,,9,4,,,37,10,,,57,12,,,32,6,,,53,10,,,76,15,,,,,,,,,,,,,,,,,,,,,,,,,,,,,,,,,,
19657,17,5,,,55,16,,,10,4,,,69,12,,,11,4,,,27,7,,,78,19,,,97,30,,,106,33,,,,,,,4,1,,,133,35,,,88,21,,,80,17,,,,,,
50852,1,1,,,3,3,,,1,1,,,2,2,,,3,3,,,3,3,,,4,3,,,,,,,,,,,,,,,,,,,,,,,,,,,,,,,,,,
30241,17,6,,,,,,,,,,,15,3,,,,,,,,,,,,,,,,,,,,,,,,,,,,,,,,,,,,,,,,,,,,,,
32321,19,6,6,3,,,,,,,,,,,,,,,,,,,,,,,,,105,16,,,57,6,,,101,8,,,69,8,,,,,,,,,,,,,,,,,,
11248,20,7,,,38,9,,,23,5,,,28,6,,,62,13,,,49,9,,,43,8,,,31,6,,,46,3,,,,,,,,,,,,,,,110,18,,,170,31,,,,,,
45258,20,1,,,62,3,,,21,1,,,72,5,,,78,6,,,,,,,,,,,,,,,,,,,,,,,,,,,,,,,81,5,,,,,,,,,,
42350,22,3,,,14,2,,,33,4,,,62,6,,,,,,,,,,,,,,,,,,,,,,,,,,,,,,,,,,,,,,,,,,,,,,
39045,22,8,3,2,7,2,4,1,57,13,8,3,30,7,9,4,11,3,4,3,30,4,,,,,,,,,,,,,,,,,,,74,2,,,119,10,,,65,10,,,20,6,,,14,5,,
14598,22,4,,,59,4,,,,,,,64,5,,,,,,,68,16,,,85,9,,,4,1,,,53,5,,,115,12,,,,,,,86,10,,,159,18,,,,,,,,,,
31356,25,9,,,8,3,,,5,1,,,30,1,,,42,14,,,68,14,,,52,12,,,51,1,,,23,2,,,61,7,,,68,4,,,112,9,,,168,12,,,154,9,,,2,1,,
52744,2,2,,,1,1,,,2,2,,,1,1,,,,,,,,,,,5,4,,,,,,,,,,,,,,,,,,,,,,,,,,,,,,,,,,
52522,26,1,,,25,3,,,41,7,,,74,12,,,10,1,,,40,8,,,66,10,,,,,,,,,,,,,,,,,,,,,,,,,,,85,5,,,,,,
14825,27,2,,,51,3,,,8,3,,,56,5,,,,,,,,,,,,,,,47,3,,,6,1,,,90,5,,,69,3,,,95,6,,,73,5,,,123,6,,,,,,
54687,28,5,,,,,,,,,,,,,,,,,,,,,,,,,,,,,,,,,,,,,,,,,,,147,20,,,,,,,,,,,,,,
28412,29,7,,,,,,,,,,,,,,,,,,,,,,,,,,,,,,,,,,,,,,,,,,,,,,,,,,,,,,,,,,
1238,30,10,,,30,7,,,64,16,,,,,,,,,,,80,19,,,32,7,,,92,14,,,,,,,,,,,113,26,,,,,,,,,,,,,,,,,,
2465,30,2,,,45,2,,,57,5,,,70,4,,,50,4,,,,,,,,,,,29,5,,,,,,,,,,,60,2,,,76,6,,,67,2,,,165,6,,,,,,
51919,32,2,,,43,6,,,34,5,,,,,,,,,,,,,,,,,,,,,,,,,,,,,,,,,,,,,,,,,,,,,,,,,,
42378,32,4,,,48,6,,,34,5,,,22,3,,,,,,,,,,,,,,,,,,,,,,,,,,,,,,,68,1,,,38,2,,,38,3,,,,,,
10564,32,2,,,28,5,,,36,6,,,33,2,,,39,3,,,44,2,,,40,2,,,61,5,,,40,7,,,56,6,,,128,10,,,17,3,,,125,8,,,97,4,,,,,,
41435,35,11,8,3,,,,,,,,,,,,,,,,,,,,,,,,,,,,,,,,,,,,,,,,,,,,,,,,,,,,,,,,
4615,35,8,,,30,10,,,27,6,,,79,14,,,,,,,,,,,,,,,27,10,,,57,14,,,76,24,,,60,23,,,16,4,,,150,39,,,172,33,,,,,,
4799,37,4,,,20,2,,,13,2,,,21,6,,,72,12,,,1,1,,,82,11,,,89,6,,,72,10,,,46,9,,,93,10,,,51,7,,,58,9,,,,,,,,,,
29095,38,5,,,44,7,,,62,5,,,,,,,,,,,,,,,,,,,,,,,,,,,,,,,,,,,,,,,,,,,,,,,,,,
33484,39,9,5,2,53,15,10,4,6,2,5,2,41,7,,,19,7,,,82,18,,,,,,,,,,,,,,,,,,,,,,,48,3,,,104,4,,,,,,,,,,
23103,40,2,,,46,1,,,31,1,,,18,1,,,,,,,,,,,,,,,,,,,,,,,,,,,,,,,,,,,,,,,,,,,,,,
42038,40,12,,,,,,,25,6,,,45,8,,,31,5,,,59,13,,,,,,,,,,,,,,,,,,,,,,,,,,,,,,,,,,,,,,
4056,42,10,,,33,12,,,56,11,,,40,6,,,27,9,,,49,11,,,69,16,,,66,24,,,,,,,,,,,,,,,,,,,,,,,,,,,,,,
55780,3,1,,,,,,,,,,,,,,,,,,,,,,,3,1,,,5,1,,,4,2,,,2,1,,,4,2,,,6,1,,,7,2,,,8,3,,,4,2,,
4004,43,6,,,,,,,,,,,23,7,,,36,7,,,83,10,,,21,3,,,40,2,,,72,10,,,109,15,,,,,,,,,,,26,3,,,69,6,,,,,,
11456,44,6,,,47,3,,,55,1,,,,,,,,,,,38,8,,,,,,,,,,,,,,,,,,,,,,,,,,,99,10,,,46,5,,,,,,
2198,45,7,,,,,,,,,,,39,2,,,8,1,,,15,1,,,75,1,,,40,1,,,109,4,,,50,3,,,77,2,,,63,3,,,152,5,,,128,4,,,,,,
20287,46,11,,,23,7,,,,,,,,,,,,,,,,,,,,,,,,,,,,,,,,,,,,,,,,,,,,,,,,,,,,,,
38107,46,11,,,,,,,,,,,49,10,,,51,6,,,13,4,,,95,14,,,10,4,,,72,7,,,94,6,,,35,4,,,140,19,,,96,8,,,113,17,,,,,,
28895,48,3,10,1,4,1,,,51,3,,,58,4,,,,,,,,,,,,,,,,,,,,,,,,,,,,,,,63,6,,,81,4,,,97,4,,,40,3,,
38808,49,13,11,4,,,,,,,,,,,,,,,,,,,,,,,,,,,,,,,,,,,,,,,,,,,,,,,,,,,,,,,,
3216,50,4,,,10,1,,,41,3,,,30,1,,,76,5,,,62,4,,,64,7,,,83,2,,,57,4,,,85,5,,,117,12,,,51,11,,,108,27,,,,,,,,,,
44728,51,13,,,5,3,,,54,10,,,58,9,,,5,3,,,72,16,,,62,15,,,54,18,,,,,,,,,,,,,,,,,,,,,,,,,,,,,,
35564,52,14,6,3,,,,,,,,,,,,,59,12,,,16,5,,,82,20,,,24,9,,,6,3,,,103,29,,,118,35,,,130,32,,,137,34,,,,,,,,,,
14694,53,5,,,19,3,,,21,4,,,36,2,,,,,,,,,,,,,,,,,,,,,,,,,,,,,,,,,,,,,,,,,,,,,,
41833,53,8,,,,,,,,,,,,,,,,,,,,,,,,,,,,,,,,,,,,,,,,,,,,,,,,,,,,,,,,,,
4927,55,1,,,39,2,,,,,,,,,,,,,,,,,,,,,,,,,,,,,,,,,,,,,,,,,,,,,,,,,,,,,,
49658,56,14,,,,,,,,,,,,,,,42,1,,,47,2,,,53,5,,,86,4,,,,,,,,,,,74,1,,,,,,,,,,,,,,,,,,
3595,57,15,,,,,,,62,15,,,,,,,,,,,47,8,,,58,12,,,95,15,,,,,,,49,13,,,99,22,,,41,12,,,61,8,,,116,23,,,45,11,,
42375,,,,,1,1,1,1,2,1,1,1,8,1,2,1,,,,,,,,,,,,,,,,,,,,,,,,,,,,,,,,,24,7,,,,,,,,,,
56502,,,,,3,2,2,1,44,7,6,3,,,,,,,,,45,7,12,2,6,1,,,,,,,,,,,,,,,,,,,,,,,,,,,157,28,,,,,,
35775,,,,,6,1,3,1,49,9,7,1,2,1,2,1,25,6,7,1,9,3,,,30,4,,,64,23,,,87,12,,,36,10,,,66,15,,,12,4,,,6,2,,,128,7,,,,,,
12681,,,,,11,4,,,,,,,,,,,69,20,,,32,9,,,,,,,,,,,,,,,,,,,,,,,,,,,,,,,,,,,,,,
57981,,,,,12,1,,,65,2,,,29,2,,,25,2,,,67,15,,,,,,,,,,,,,,,,,,,,,,,,,,,,,,,,,,,,,,
49349,,,,,12,5,3,1,11,3,4,2,16,4,5,2,8,2,3,2,2,1,1,1,18,3,,,16,2,,,,,,,,,,,129,3,,,,,,,,,,,,,,,,,,
31582,,,,,14,5,6,2,,,,,,,,,46,9,,,,,,,,,,,79,2,,,15,1,,,,,,,,,,,,,,,107,2,,,49,2,,,,,,
58144,,,,,17,6,,,47,8,,,74,13,,,14,5,,,88,20,,,93,21,,,47,16,,,63,17,,,32,10,,,79,26,,,51,11,,,147,37,,,,,,,,,,
27914,,,,,17,2,,,68,1,,,,,,,,,,,34,1,,,39,2,,,97,6,,,24,2,,,63,1,,,134,5,,,,,,,10,1,,,97,3,,,,,,
27649,,,,,20,1,,,44,4,,,38,2,,,6,2,,,87,5,,,80,8,,,,,,,,,,,,,,,,,,,,,,,,,,,,,,,,,,
59131,,,,,23,7,,,27,7,,,25,5,,,,,,,,,,,,,,,,,,,,,,,,,,,,,,,,,,,,,,,,,,,,,,
57931,,,,,25,1,,,18,1,,,45,4,,,16,1,,,23,1,,,,,,,,,,,,,,,,,,,92,3,,,39,2,,,26,2,,,163,5,,,,,,
58973,,,,,25,3,,,67,10,,,77,13,,,,,,,,,,,,,,,,,,,,,,,,,,,,,,,,,,,,,,,,,,,,,,
59263,,,,,2,2,,,,,,,,,,,,,,,,,,,,,,,,,,,,,,,,,,,,,,,,,,,,,,,,,,,,,,
59130,,,,,33,12,,,66,17,,,65,14,,,,,,,,,,,,,,,,,,,,,,,,,,,,,,,,,,,,,,,,,,,,,,
42373,,,,,35,4,,,,,,,,,,,,,,,,,,,,,,,,,,,,,,,,,,,,,,,,,,,,,,,,,,,,,,
58191,,,,,35,8,,,23,2,,,62,5,,,42,14,,,49,11,,,,,,,,,,,,,,,,,,,86,28,,,105,22,,,99,25,,,,,,,,,,
19291,,,,,37,14,,,16,2,,,49,2,,,65,19,,,57,11,,,86,10,,,,,,,,,,,,,,,,,,,,,,,,,,,,,,,,,,
35721,,,,,40,10,,,7,2,,,81,4,,,1,1,,,32,6,,,,,,,,,,,,,,,80,4,,,66,1,,,61,1,,,43,5,,,82,4,,,45,4,,
36809,,,,,50,12,,,,,,,,,,,,,,,,,,,,,,,,,,,,,,,,,,,,,,,,,,,,,,,,,,,,,,
39771,,,,,54,8,9,2,,,,,35,8,10,3,15,2,,,35,6,,,46,7,,,105,8,,,53,8,,,40,8,,,125,30,,,95,5,,,57,4,,,128,13,,,,,,
45686,,,,,58,15,12,4,,,,,34,3,,,28,1,,,45,1,,,15,1,,,8,1,,,99,5,,,46,1,,,35,2,,,29,3,,,76,6,,,104,6,,,,,,
14864,,,,,59,3,,,19,2,,,36,3,,,71,6,,,,,,,,,,,,,,,,,,,,,,,,,,,,,,,,,,,,,,,,,,
16965,,,,,61,8,,,,,,,,,,,,,,,,,,,,,,,,,,,,,,,,,,,,,,,,,,,,,,,,,,,,,,
45843,,,,,,,,,1,1,1,1,10,2,4,1,32,6,9,4,,,,,,,,,,,,,,,,,,,,,,,,,,,,,,,,,,,,,,,,
44508,,,,,,,,,3,1,2,1,17,2,6,2,18,6,1,1,26,6,10,5,,,,,,,,,,,,,44,13,,,49,16,,,82,18,,,18,5,,,93,21,,,43,13,,
61464,,,,,,,,,8,3,,,,,,,,,,,,,,,,,,,,,,,82,11,,,97,17,,,51,11,,,89,20,,,88,13,,,13,3,,,,,,
45685,,,,,,,,,12,1,,,76,16,,,,,,,,,,,,,,,,,,,93,13,,,26,4,,,110,11,,,14,2,,,54,7,,,152,14,,,22,4,,
58221,,,,,,,,,13,1,,,18,1,,,63,2,,,12,1,,,48,2,,,54,2,,,,,,,,,,,,,,,,,,,125,6,,,175,7,,,,,,
61332,,,,,,,,,15,3,,,12,5,,,,,,,,,,,,,,,,,,,,,,,,,,,,,,,,,,,,,,,,,,,,,,
1266,,,,,,,,,17,3,,,73,3,,,,,,,,,,,,,,,,,,,,,,,,,,,,,,,,,,,,,,,,,,,,,,
31260,,,,,,,,,25,1,,,3,1,,,73,2,,,10,3,,,37,6,,,74,11,,,18,1,,,108,10,,,25,3,,,72,8,,,8,1,,,141,22,,,,,,
58215,,,,,,,,,27,7,,,53,11,,,70,14,,,64,15,,,66,13,,,89,13,,,,,,,,,,,,,,,,,,,,,,,113,22,,,,,,
27651,,,,,,,,,38,2,,,55,3,,,4,1,,,89,6,,,36,5,,,81,7,,,,,,,,,,,,,,,,,,,,,,,,,,,,,,
46972,,,,,,,,,39,2,8,1,,,,,,,,,59,13,,,21,2,,,86,3,,,84,3,,,23,8,,,20,8,,,120,28,,,12,3,,,,,,,,,,
56051,,,,,,,,,43,12,,,,,,,,,,,,,,,,,,,,,,,,,,,,,,,,,,,,,,,,,,,,,,,,,,
58214,,,,,,,,,46,8,,,65,10,,,21,4,,,25,5,,,94,13,,,82,10,,,12,2,,,106,19,,,47,10,,,116,23,,,61,6,,,42,4,,,,,,
60692,,,,,,,,,49,3,,,45,4,,,57,4,,,71,2,,,13,4,,,110,34,,,37,9,,,36,11,,,131,36,,,,,,,,,,,,,,,,,,
58235,,,,,,,,,51,3,,,67,11,,,40,13,,,,,,,,,,,,,,,,,,,,,,,,,,,,,,,,,,,,,,,,,,
31266,,,,,,,,,57,6,,,14,2,,,54,1,,,19,1,,,100,2,,,58,1,,,68,1,,,60,2,,,46,1,,,103,2,,,44,3,,,181,10,,,,,,
39807,,,,,,,,,60,12,,,53,8,,,2,1,,,,,,,,,,,,,,,,,,,,,,,,,,,,,,,,,,,,,,,,,,
362,,,,,,,,,69,3,,,,,,,,,,,,,,,,,,,,,,,,,,,,,,,,,,,,,,,,,,,,,,,,,,
56453,,,,,,,,,70,18,,,,,,,,,,,,,,,46,4,,,108,7,,,,,,,,,,,,,,,122,3,,,,,,,,,,,,,,
4965,,,,,,,,,3,3,,,,,,,2,2,,,,,,,,,,,,,,,,,,,,,,,,,,,,,,,,,,,,,,,,,,
51123,,,,,,,,,,,,,1,1,1,1,24,8,2,2,3,1,1,1,41,9,15,6,,,,,,,,,,,,,,,,,,,,,,,,,55,2,,,34,2,,
58218,,,,,,,,,,,,,3,2,,,20,3,,,54,9,,,65,9,,,72,4,,,106,16,,,72,22,,,28,11,,,138,36,,,125,13,,,117,18,,,,,,
54810,,,,,,,,,,,,,7,1,,,,,,,,,,,,,,,,,,,,,,,,,,,,,,,,,,,,,,,,,,,,,,
44107,,,,,,,,,,,,,9,4,2,1,51,9,4,1,5,2,3,1,10,1,7,1,73,5,20,2,4,1,,,92,13,,,28,3,,,35,4,,,70,10,,,162,16,,,34,6,,
10417,,,,,,,,,,,,,11,1,,,23,2,,,39,9,,,92,13,,,22,5,,,82,9,,,106,9,,,86,9,,,107,15,,,78,6,,,102,14,,,,,,
64388,,,,,,,,,,,,,13,1,,,46,1,,,28,1,,,72,1,,,68,1,,,55,5,,,39,11,,,32,7,,,123,25,,,108,17,,,46,11,,,22,6,,
31560,,,,,,,,,,,,,24,3,,,53,16,,,29,8,,,25,6,,,66,24,,,91,25,,,114,31,,,,,,,132,34,,,,,,,144,27,,,,,,
63716,,,,,,,,,,,,,26,4,,,30,11,,,79,17,,,48,10,,,76,26,,,57,14,,,68,20,,,58,22,,,95,21,,,147,37,,,37,11,,,,,,
58132,,,,,,,,,,,,,27,5,,,59,17,,,68,14,,,70,17,,,61,22,,,65,18,,,,,,,,,,,50,10,,,161,42,,,,,,,,,,
4961,,,,,,,,,,,,,43,4,,,40,4,,,64,13,,,87,11,,,,,,,,,,,,,,,,,,,,,,,,,,,,,,,,,,
29012,,,,,,,,,,,,,45,8,12,5,49,10,10,5,,,,,,,,,,,,,,,,,,,,,,,,,,,,,,,,,,,,,,,,
28549,,,,,,,,,,,,,49,1,,,,,,,,,,,,,,,,,,,,,,,80,3,,,86,19,,,31,2,,,67,2,,,128,4,,,,,,
32099,,,,,,,,,,,,,49,9,,,46,8,,,35,6,,,87,12,,,108,9,,,10,2,,,35,6,,,35,4,,,91,11,,,164,17,,,,,,,,,,
64053,,,,,,,,,,,,,58,9,13,3,74,21,,,,,,,,,,,,,,,,,,,,,,,,,,,,,,,3,2,,,38,1,,,39,3,,
44731,,,,,,,,,,,,,78,6,15,1,,,,,,,,,57,14,,,60,21,,,78,21,,,,,,,,,,,,,,,67,3,,,135,10,,,,,,
58255,,,,,,,,,,,,,,,,,11,1,,,22,7,,,98,15,,,97,14,,,,,,,,,,,,,,,,,,,93,22,,,,,,,,,,
4170,,,,,,,,,,,,,,,,,17,4,,,57,12,,,70,14,,,17,3,,,,,,,,,,,60,14,,,39,11,,,99,14,,,82,17,,,9,3,,
10918,,,,,,,,,,,,,,,,,22,5,,,84,11,,,,,,,,,,,70,9,,,98,14,,,65,8,,,66,8,,,115,14,,,73,8,,,22,4,,
41578,,,,,,,,,,,,,,,,,28,10,3,3,77,18,15,3,4,1,3,1,,,,,,,,,13,6,,,97,21,,,,,,,,,,,,,,,,,,
59848,,,,,,,,,,,,,,,,,36,12,,,86,19,,,,,,,,,,,,,,,,,,,,,,,,,,,,,,,,,,,,,,
5229,,,,,,,,,,,,,,,,,1,1,,,2,2,,,,,,,,,,,,,,,,,,,,,,,,,,,,,,,,,,,,,,
47351,,,,,,,,,,,,,,,,,57,7,,,,,,,,,,,,,,,,,,,,,,,,,,,,,,,,,,,,,,,,,,
35373,,,,,,,,,,,,,,,,,61,8,,,41,10,,,60,7,,,37,8,,,88,10,,,110,11,,,,,,,,,,,,,,,,,,,,,,
33394,,,,,,,,,,,,,,,,,63,18,,,,,,,,,,,,,,,,,,,,,,,,,,,,,,,122,30,,,,,,,,,,
67297,,,,,,,,,,,,,,,,,65,9,,,,,,,,,,,,,,,,,,,,,,,,,,,,,,,,,,,,,,,,,,
58161,,,,,,,,,,,,,,,,,67,11,,,,,,,,,,,7,3,,,92,26,,,113,7,,,7,1,,,,,,,,,,,,,,,,,,
67298,,,,,,,,,,,,,,,,,74,10,12,1,7,2,,,87,11,,,,,,,,,,,46,1,,,57,21,,,29,7,,,,,,,,,,,14,2,,
14678,,,,,,,,,,,,,,,,,77,2,,,,,,,77,1,,,105,3,,,,,,,,,,,,,,,,,,,,,,,42,4,,,,,,
71334,,,,,,,,,,,,,,,,,,,,,4,1,2,1,32,5,11,2,5,2,4,1,,,,,,,,,,,,,,,,,,,,,,,,,,,,
51388,,,,,,,,,,,,,,,,,,,,,6,2,1,1,2,2,2,2,54,18,10,5,5,2,4,2,14,4,7,4,83,5,23,4,56,5,,,,,,,,,,,,,,
44725,,,,,,,,,,,,,,,,,,,,,7,3,5,3,37,8,14,5,68,10,19,4,32,2,,,94,6,,,42,5,,,89,11,,,21,3,,,135,21,,,,,,
44735,,,,,,,,,,,,,,,,,,,,,11,4,6,4,98,22,21,8,103,33,23,10,,,,,,,,,,,,,,,,,,,,,,,,,,,,
71452,,,,,,,,,,,,,,,,,,,,,14,2,,,11,2,,,63,9,,,,,,,,,,,85,18,,,70,18,,,131,22,,,146,26,,,,,,
46971,,,,,,,,,,,,,,,,,,,,,16,5,7,2,21,4,9,1,27,6,12,3,96,28,,,58,15,,,49,16,,,113,26,,,12,2,,,97,20,,,,,,
67698,,,,,,,,,,,,,,,,,,,,,21,6,,,16,3,,,,,,,,,,,,,,,,,,,,,,,,,,,,,,,,,,
69900,,,,,,,,,,,,,,,,,,,,,1,1,,,1,1,,,3,2,,,6,4,,,4,2,,,6,3,,,3,2,,,10,6,,,,,,,,,,
43828,,,,,,,,,,,,,,,,,,,,,23,1,8,1,62,3,16,2,24,1,11,1,18,1,,,78,8,,,,,,,,,,,,,,,,,,,,,,
58063,,,,,,,,,,,,,,,,,,,,,35,2,2,1,8,2,5,1,1,1,1,1,104,3,22,2,83,2,19,1,,,,,,,,,31,10,,,90,20,,,29,6,,
69569,,,,,,,,,,,,,,,,,,,,,43,10,,,,,,,,,,,,,,,,,,,,,,,,,,,,,,,,,,,,,,
55039,,,,,,,,,,,,,,,,,,,,,52,3,3,1,,,,,,,,,30,8,12,5,10,3,6,3,14,3,,,36,8,,,141,35,,,,,,,,,,
58217,,,,,,,,,,,,,,,,,,,,,55,11,,,48,10,,,34,7,,,98,13,,,105,18,,,100,23,,,,,,,,,,,,,,,,,,
58187,,,,,,,,,,,,,,,,,,,,,59,13,,,26,4,,,49,8,,,99,30,,,41,12,,,111,34,,,80,17,,,121,29,,,123,24,,,,,,
38168,,,,,,,,,,,,,,,,,,,,,64,13,,,18,1,,,44,2,,,76,6,,,,,,,,,,,,,,,132,1,,,25,1,,,,,,
45344,,,,,,,,,,,,,,,,,,,,,72,4,,,,,,,,,,,35,4,,,116,5,,,,,,,,,,,,,,,,,,,,,,
43723,,,,,,,,,,,,,,,,,,,,,74,2,14,1,66,3,17,2,,,,,9,2,,,51,3,,,,,,,,,,,,,,,,,,,,,,
52867,,,,,,,,,,,,,,,,,,,,,76,17,,,26,4,,,84,11,,,78,10,,,53,15,,,119,28,,,,,,,,,,,,,,,,,,
58158,,,,,,,,,,,,,,,,,,,,,4,4,,,2,2,,,1,1,,,7,5,,,,,,,,,,,,,,,,,,,,,,,,,,
45279,,,,,,,,,,,,,,,,,,,,,81,5,,,9,3,,,44,6,,,101,15,,,10,2,,,130,4,,,43,4,,,4,1,,,68,15,,,,,,
55465,,,,,,,,,,,,,,,,,,,,,84,1,,,,,,,,,,,104,32,,,,,,,,,,,,,,,,,,,,,,,,,,
16014,,,,,,,,,,,,,,,,,,,,,91,22,,,,,,,,,,,,,,,,,,,26,10,,,146,5,,,,,,,17,1,,,,,,
50716,,,,,,,,,,,,,,,,,,,,,,,,,1,1,1,1,3,2,3,2,103,31,16,7,51,14,16,4,10,3,6,3,46,14,,,116,15,,,46,4,,,18,2,,
50731,,,,,,,,,,,,,,,,,,,,,,,,,5,1,3,1,53,4,9,1,37,6,12,3,21,3,12,2,83,5,23,4,76,9,,,135,10,,,41,4,,,,,,
49139,,,,,,,,,,,,,,,,,,,,,,,,,6,3,4,3,54,18,10,5,,,,,,,,,,,,,,,,,,,,,58,12,,,,,,
33481,,,,,,,,,,,,,,,,,,,,,,,,,12,2,,,76,12,,,49,4,,,73,3,,,127,11,,,,,,,,,,,86,12,,,,,,
50889,,,,,,,,,,,,,,,,,,,,,,,,,13,1,,,74,1,,,12,3,,,66,1,,,100,2,,,72,4,,,48,3,,,128,4,,,,,,
72649,,,,,,,,,,,,,,,,,,,,,,,,,17,4,,,26,4,,,,,,,,,,,8,1,,,68,5,,,,,,,,,,,,,,
72127,,,,,,,,,,,,,,,,,,,,,,,,,20,2,8,2,,,,,,,,,,,,,,,,,,,,,,,,,,,,,,,,
43609,,,,,,,,,,,,,,,,,,,,,,,,,21,5,,,44,15,,,84,22,,,75,23,,,,,,,,,,,155,40,,,168,31,,,,,,
55468,,,,,,,,,,,,,,,,,,,,,,,,,29,7,1,1,2,1,1,1,3,1,2,1,61,17,10,4,20,8,7,3,78,16,21,7,,,,,,,,,,,,
47128,,,,,,,,,,,,,,,,,,,,,,,,,32,1,11,1,88,4,,,37,3,,,7,1,,,114,7,,,104,1,,,,,,,,,,,,,,
46968,,,,,,,,,,,,,,,,,,,,,,,,,32,5,7,1,9,4,6,3,,,,,,,,,,,,,,,,,,,,,,,,,,,,
3037,,,,,,,,,,,,,,,,,,,,,,,,,42,3,,,91,5,,,,,,,,,,,,,,,,,,,,,,,,,,,,,,
58228,,,,,,,,,,,,,,,,,,,,,,,,,48,10,,,78,27,,,88,24,,,25,9,,,69,24,,,93,20,,,81,19,,,160,30,,,6,3,,
73138,,,,,,,,,,,,,,,,,,,,,,,,,55,11,,,,,,,,,,,,,,,,,,,,,,,,,,,,,,,,,,
58186,,,,,,,,,,,,,,,,,,,,,,,,,56,8,,,104,7,,,93,13,,,85,11,,,79,9,,,82,5,,,99,9,,,69,4,,,,,,
15058,,,,,,,,,,,,,,,,,,,,,,,,,60,6,,,43,1,,,70,5,,,80,2,,,123,3,,,,,,,,,,,,,,,,,,
72175,,,,,,,,,,,,,,,,,,,,,,,,,74,18,18,7,,,,,,,,,,,,,,,,,,,,,52,6,,,152,14,,,19,3,,
27156,,,,,,,,,,,,,,,,,,,,,,,,,80,8,,,80,13,,,,,,,,,,,,,,,110,24,,,,,,,,,,,,,,
43783,,,,,,,,,,,,,,,,,,,,,,,,,82,4,19,1,,,,,61,2,,,90,2,,,28,1,,,23,1,,,141,7,,,51,2,,,,,,
19338,,,,,,,,,,,,,,,,,,,,,,,,,87,9,,,,,,,22,2,,,43,2,,,77,2,,,59,2,,,78,2,,,65,2,,,,,,
58351,,,,,,,,,,,,,,,,,,,,,,,,,91,4,,,,,,,,,,,31,2,,,,,,,,,,,,,,,,,,,,,,
52885,,,,,,,,,,,,,,,,,,,,,,,,,96,17,8,1,,,,,17,1,8,1,6,1,,,43,9,,,59,16,,,,,,,,,,,,,,
13916,,,,,,,,,,,,,,,,,,,,,,,,,97,2,,,,,,,,,,,,,,,,,,,,,,,,,,,,,,,,,,
25149,,,,,,,,,,,,,,,,,,,,,,,,,101,10,,,,,,,88,12,,,36,7,,,126,4,,,,,,,,,,,,,,,,,,
74828,,,,,,,,,,,,,,,,,,,,,,,,,,,,,6,3,5,2,,,,,,,,,,,,,,,,,,,,,,,,,,,,
42077,,,,,,,,,,,,,,,,,,,,,,,,,,,,,10,1,,,66,8,,,102,9,,,111,9,,,107,2,,,,,,,,,,,,,,
51337,,,,,,,,,,,,,,,,,,,,,,,,,,,,,12,5,,,40,10,,,70,21,,,81,27,,,85,19,,,99,25,,,157,29,,,,,,
51389,,,,,,,,,,,,,,,,,,,,,,,,,,,,,13,6,7,4,109,34,24,10,111,30,,,,,,,121,29,,,,,,,,,,,,,,
54758,,,,,,,,,,,,,,,,,,,,,,,,,,,,,14,7,,,66,19,,,,,,,,,,,,,,,,,,,,,,,,,,
51845,,,,,,,,,,,,,,,,,,,,,,,,,,,,,17,1,4,1,18,4,8,1,29,5,14,2,47,6,19,3,113,13,,,90,11,,,102,10,,,,,,
76192,,,,,,,,,,,,,,,,,,,,,,,,,,,,,19,2,9,2,,,,,,,,,,,,,,,,,,,,,,,,,,,,
58250,,,,,,,,,,,,,,,,,,,,,,,,,,,,,19,4,,,24,3,,,34,5,,,105,7,,,78,7,,,116,6,,,151,5,,,,,,
51534,,,,,,,,,,,,,,,,,,,,,,,,,,,,,23,5,2,1,63,7,15,2,5,3,4,2,121,29,29,6,,,,,,,,,,,,,,,,
52519,,,,,,,,,,,,,,,,,,,,,,,,,,,,,2,1,1,1,3,1,1,1,5,2,1,1,3,1,,,1,1,,,5,1,,,12,2,,,11,3,,
63290,,,,,,,,,,,,,,,,,,,,,,,,,,,,,29,2,3,1,30,5,11,2,18,2,7,1,103,6,27,1,102,14,22,4,25,4,,,76,16,,,,,,
52120,,,,,,,,,,,,,,,,,,,,,,,,,,,,,31,11,7,3,61,16,14,6,19,5,10,5,102,32,26,10,110,24,,,19,6,,,141,26,,,,,,
74508,,,,,,,,,,,,,,,,,,,,,,,,,,,,,36,12,,,,,,,,,,,,,,,,,,,,,,,,,,,,,,
56575,,,,,,,,,,,,,,,,,,,,,,,,,,,,,37,13,4,2,8,4,5,3,2,2,2,2,16,5,7,1,131,33,25,8,16,4,,,88,18,,,5,2,,
48371,,,,,,,,,,,,,,,,,,,,,,,,,,,,,37,8,,,44,3,,,42,1,,,63,7,,,25,3,,,166,21,,,121,20,,,,,,
70271,,,,,,,,,,,,,,,,,,,,,,,,,,,,,42,14,,,,,,,,,,,51,18,,,116,27,,,35,13,,,,,,,,,,
74578,,,,,,,,,,,,,,,,,,,,,,,,,,,,,50,17,,,24,6,,,,,,,,,,,98,12,,,,,,,,,,,,,,
76311,,,,,,,,,,,,,,,,,,,,,,,,,,,,,59,3,,,,,,,,,,,,,,,,,,,,,,,,,,,,,,
49518,,,,,,,,,,,,,,,,,,,,,,,,,,,,,64,3,,,15,1,,,92,3,,,,,,,107,2,,,,,,,,,,,,,,
49201,,,,,,,,,,,,,,,,,,,,,,,,,,,,,68,4,,,24,2,,,104,6,,,,,,,,,,,,,,,,,,,,,,
33486,,,,,,,,,,,,,,,,,,,,,,,,,,,,,4,3,,,1,1,,,3,1,,,1,1,,,8,6,,,4,3,,,11,6,,,5,2,,
58802,,,,,,,,,,,,,,,,,,,,,,,,,,,,,93,28,12,7,,,,,,,,,72,1,,,43,1,,,44,1,,,126,3,,,,,,
58192,,,,,,,,,,,,,,,,,,,,,,,,,,,,,94,29,,,49,13,,,58,15,,,44,15,,,67,14,,,130,33,,,171,32,,,,,,
58007,,,,,,,,,,,,,,,,,,,,,,,,,,,,,96,8,22,3,,,,,,,,,,,,,,,,,,,,,55,3,,,11,2,,
58147,,,,,,,,,,,,,,,,,,,,,,,,,,,,,101,32,,,96,28,,,67,19,,,81,17,,,,,,,,,,,,,,,,,,
41498,,,,,,,,,,,,,,,,,,,,,,,,,,,,,111,10,,,,,,,64,10,,,18,2,,,142,14,,,21,1,,,65,5,,,,,,
56398,,,,,,,,,,,,,,,,,,,,,,,,,,,,,,,,,1,1,1,1,9,1,5,1,23,3,9,3,10,1,8,1,143,5,25,1,20,6,,,45,14,,
57137,,,,,,,,,,,,,,,,,,,,,,,,,,,,,,,,,2,1,2,1,28,9,9,3,8,2,5,2,,,,,,,,,,,,,,,,
67299,,,,,,,,,,,,,,,,,,,,,,,,,,,,,,,,,2,2,,,,,,,,,,,,,,,,,,,,,,,,,,
30156,,,,,,,,,,,,,,,,,,,,,,,,,,,,,,,,,11,5,6,4,19,5,8,3,32,12,15,5,25,6,14,5,61,17,,,67,15,,,42,12,,
56677,,,,,,,,,,,,,,,,,,,,,,,,,,,,,,,,,12,1,7,1,73,4,11,1,26,1,13,1,33,1,17,1,154,6,,,135,5,,,,,,
56327,,,,,,,,,,,,,,,,,,,,,,,,,,,,,,,,,21,5,9,2,14,3,6,1,63,7,21,4,8,1,6,1,54,7,,,104,11,,,,,,
75023,,,,,,,,,,,,,,,,,,,,,,,,,,,,,,,,,24,6,,,65,18,,,12,2,,,125,30,,,65,18,,,75,16,,,,,,
60519,,,,,,,,,,,,,,,,,,,,,,,,,,,,,,,,,29,4,10,1,29,4,14,3,107,8,28,6,98,8,,,132,9,,,,,,,,,,
58257,,,,,,,,,,,,,,,,,,,,,,,,,,,,,,,,,32,6,,,,,,,,,,,,,,,,,,,,,,,,,,
27665,,,,,,,,,,,,,,,,,,,,,,,,,,,,,,,,,32,3,,,112,4,,,,,,,,,,,,,,,,,,,,,,
49143,,,,,,,,,,,,,,,,,,,,,,,,,,,,,,,,,40,10,13,5,98,28,21,9,,,,,,,,,,,,,,,,,,,,
41298,,,,,,,,,,,,,,,,,,,,,,,,,,,,,,,,,44,2,,,76,2,,,109,3,,,,,,,,,,,,,,,,,,
41764,,,,,,,,,,,,,,,,,,,,,,,,,,,,,,,,,46,12,,,53,14,,,32,12,,,,,,,,,,,154,28,,,,,,
32650,,,,,,,,,,,,,,,,,,,,,,,,,,,,,,,,,49,3,,,,,,,,,,,88,2,,,165,7,,,,,,,,,,
56659,,,,,,,,,,,,,,,,,,,,,,,,,,,,,,,,,56,6,16,2,24,7,,,132,13,,,,,,,,,,,,,,,,,,
49821,,,,,,,,,,,,,,,,,,,,,,,,,,,,,,,,,68,8,,,4,2,,,72,16,,,31,9,,,52,6,,,23,7,,,,,,
52475,,,,,,,,,,,,,,,,,,,,,,,,,,,,,,,,,76,9,19,4,,,,,,,,,,,,,,,,,,,,,,,,
72136,,,,,,,,,,,,,,,,,,,,,,,,,,,,,,,,,5,3,,,,,,,,,,,4,3,,,8,5,,,13,7,,,2,1,,
61833,,,,,,,,,,,,,,,,,,,,,,,,,,,,,,,,,86,23,20,8,22,7,,,15,4,,,,,,,,,,,,,,,,,,
49472,,,,,,,,,,,,,,,,,,,,,,,,,,,,,,,,,108,14,23,5,53,15,,,,,,,,,,,,,,,,,,,,,,
64710,,,,,,,,,,,,,,,,,,,,,,,,,,,,,,,,,,,,,1,1,1,1,76,25,12,5,1,1,1,1,116,28,24,11,53,12,20,9,40,11,,
64716,,,,,,,,,,,,,,,,,,,,,,,,,,,,,,,,,,,,,3,1,2,1,5,1,3,1,25,8,12,4,19,3,4,2,175,32,37,8,4,1,2,1
79748,,,,,,,,,,,,,,,,,,,,,,,,,,,,,,,,,,,,,8,4,,,23,5,,,133,27,,,104,15,,,,,,,,,,
79651,,,,,,,,,,,,,,,,,,,,,,,,,,,,,,,,,,,,,12,5,,,35,8,,,36,10,,,38,4,,,146,6,,,16,1,,
45836,,,,,,,,,,,,,,,,,,,,,,,,,,,,,,,,,,,,,27,8,,,104,24,,,135,28,,,,,,,,,,,,,,
34546,,,,,,,,,,,,,,,,,,,,,,,,,,,,,,,,,,,,,32,1,,,123,3,,,,,,,137,7,,,149,9,,,,,,
48494,,,,,,,,,,,,,,,,,,,,,,,,,,,,,,,,,,,,,56,2,,,86,4,,,22,2,,,70,4,,,107,7,,,,,,
38743,,,,,,,,,,,,,,,,,,,,,,,,,,,,,,,,,,,,,1,1,,,2,1,,,9,1,,,9,1,,,6,1,,,1,1,,
49200,,,,,,,,,,,,,,,,,,,,,,,,,,,,,,,,,,,,,83,4,,,,,,,15,1,,,80,7,,,97,5,,,,,,
44743,,,,,,,,,,,,,,,,,,,,,,,,,,,,,,,,,,,,,87,26,,,93,30,,,105,22,,,81,19,,,104,22,,,,,,
79749,,,,,,,,,,,,,,,,,,,,,,,,,,,,,,,,,,,,,94,27,12,5,35,14,16,6,58,15,19,5,156,16,,,163,17,,,,,,
53005,,,,,,,,,,,,,,,,,,,,,,,,,,,,,,,,,,,,,98,5,21,2,,,,,,,,,73,3,,,146,7,,,,,,
71590,,,,,,,,,,,,,,,,,,,,,,,,,,,,,,,,,,,,,,,,,1,1,1,1,23,3,1,1,42,4,3,1,8,1,4,1,34,9,2,2
59845,,,,,,,,,,,,,,,,,,,,,,,,,,,,,,,,,,,,,,,,,2,1,2,1,28,4,13,3,30,9,7,4,14,5,9,4,,,,
63097,,,,,,,,,,,,,,,,,,,,,,,,,,,,,,,,,,,,,,,,,3,2,3,2,145,11,26,3,,,,,,,,,,,,
76729,,,,,,,,,,,,,,,,,,,,,,,,,,,,,,,,,,,,,,,,,6,1,,,98,12,,,116,12,,,110,15,,,,,,
18504,,,,,,,,,,,,,,,,,,,,,,,,,,,,,,,,,,,,,,,,,11,1,,,144,2,,,,,,,150,6,,,,,,
62432,,,,,,,,,,,,,,,,,,,,,,,,,,,,,,,,,,,,,,,,,17,6,5,1,124,3,23,1,,,,,,,,,,,,
63417,,,,,,,,,,,,,,,,,,,,,,,,,,,,,,,,,,,,,,,,,19,7,4,1,2,2,1,1,26,8,5,3,107,23,18,5,22,5,4,2
60071,,,,,,,,,,,,,,,,,,,,,,,,,,,,,,,,,,,,,,,,,22,4,8,2,128,26,24,6,61,8,17,3,90,7,,,,,,
60431,,,,,,,,,,,,,,,,,,,,,,,,,,,,,,,,,,,,,,,,,31,6,14,5,18,5,,,,,,,,,,,,,,
61875,,,,,,,,,,,,,,,,,,,,,,,,,,,,,,,,,,,,,,,,,35,4,10,2,41,5,14,2,23,2,5,1,90,9,28,4,,,,
58188,,,,,,,,,,,,,,,,,,,,,,,,,,,,,,,,,,,,,,,,,41,2,,,47,3,,,2,1,,,178,7,,,,,,
60346,,,,,,,,,,,,,,,,,,,,,,,,,,,,,,,,,,,,,,,,,44,2,18,1,,,,,,,,,,,,,,,,
63941,,,,,,,,,,,,,,,,,,,,,,,,,,,,,,,,,,,,,,,,,54,19,11,4,11,3,7,3,38,16,12,8,28,7,14,5,31,7,,
80883,,,,,,,,,,,,,,,,,,,,,,,,,,,,,,,,,,,,,,,,,54,19,,,,,,,,,,,,,,,,,,
56515,,,,,,,,,,,,,,,,,,,,,,,,,,,,,,,,,,,,,,,,,56,12,,,91,21,,,122,7,,,128,7,,,,,,
372,,,,,,,,,,,,,,,,,,,,,,,,,,,,,,,,,,,,,,,,,5,2,,,5,4,,,2,2,,,10,5,,,5,2,,
58190,,,,,,,,,,,,,,,,,,,,,,,,,,,,,,,,,,,,,,,,,86,19,,,,,,,,,,,,,,,,,,
68614,,,,,,,,,,,,,,,,,,,,,,,,,,,,,,,,,,,,,,,,,93,30,13,6,,,,,,,,,,,,,,,,
77314,,,,,,,,,,,,,,,,,,,,,,,,,,,,,,,,,,,,,,,,,106,25,,,118,24,,,,,,,,,,,,,,
62328,,,,,,,,,,,,,,,,,,,,,,,,,,,,,,,,,,,,,,,,,114,27,,,72,19,,,,,,,,,,,,,,
49414,,,,,,,,,,,,,,,,,,,,,,,,,,,,,,,,,,,,,,,,,114,2,,,3,1,,,150,6,,,50,2,,,,,,
55902,,,,,,,,,,,,,,,,,,,,,,,,,,,,,,,,,,,,,,,,,119,4,,,136,6,,,137,6,,,28,1,,,,,,
34521,,,,,,,,,,,,,,,,,,,,,,,,,,,,,,,,,,,,,,,,,122,10,,,,,,,33,4,,,82,11,,,,,,
57763,,,,,,,,,,,,,,,,,,,,,,,,,,,,,,,,,,,,,,,,,133,8,,,,,,,,,,,,,,,,,,
83343,,,,,,,,,,,,,,,,,,,,,,,,,,,,,,,,,,,,,,,,,,,,,4,1,3,1,34,12,8,5,36,10,19,8,1,1,1,1
74145,,,,,,,,,,,,,,,,,,,,,,,,,,,,,,,,,,,,,,,,,,,,,4,1,3,1,9,1,2,1,6,4,4,3,,,,
83342,,,,,,,,,,,,,,,,,,,,,,,,,,,,,,,,,,,,,,,,,,,,,6,2,5,2,152,24,27,6,,,,,,,,
49606,,,,,,,,,,,,,,,,,,,,,,,,,,,,,,,,,,,,,,,,,,,,,7,2,,,50,5,,,,,,,,,,
64687,,,,,,,,,,,,,,,,,,,,,,,,,,,,,,,,,,,,,,,,,,,,,9,3,6,2,113,21,23,5,11,2,8,1,,,,
68817,,,,,,,,,,,,,,,,,,,,,,,,,,,,,,,,,,,,,,,,,,,,,13,2,2,1,59,3,13,1,53,3,12,3,22,2,4,1
60118,,,,,,,,,,,,,,,,,,,,,,,,,,,,,,,,,,,,,,,,,,,,,18,5,9,4,170,22,30,1,62,7,23,2,,,,
60409,,,,,,,,,,,,,,,,,,,,,,,,,,,,,,,,,,,,,,,,,,,,,20,6,,,147,23,,,61,13,,,29,8,,
62613,,,,,,,,,,,,,,,,,,,,,,,,,,,,,,,,,,,,,,,,,,,,,20,6,10,3,,,,,,,,,,,,
84661,,,,,,,,,,,,,,,,,,,,,,,,,,,,,,,,,,,,,,,,,,,,,2,1,,,6,4,,,9,4,,,,,,
55900,,,,,,,,,,,,,,,,,,,,,,,,,,,,,,,,,,,,,,,,,,,,,36,8,,,122,30,,,14,3,,,,,,
56685,,,,,,,,,,,,,,,,,,,,,,,,,,,,,,,,,,,,,,,,,,,,,43,13,,,104,15,,,167,6,,,,,,
59901,,,,,,,,,,,,,,,,,,,,,,,,,,,,,,,,,,,,,,,,,,,,,49,6,,,49,5,,,135,25,,,,,,
48617,,,,,,,,,,,,,,,,,,,,,,,,,,,,,,,,,,,,,,,,,,,,,51,11,,,158,41,,,,,,,,,,
48370,,,,,,,,,,,,,,,,,,,,,,,,,,,,,,,,,,,,,,,,,,,,,51,6,,,41,5,,,110,15,,,,,,
14497,,,,,,,,,,,,,,,,,,,,,,,,,,,,,,,,,,,,,,,,,,,,,63,7,,,129,14,,,59,6,,,,,,
67556,,,,,,,,,,,,,,,,,,,,,,,,,,,,,,,,,,,,,,,,,,,,,70,15,15,5,93,22,20,9,35,9,18,7,,,,
25962,,,,,,,,,,,,,,,,,,,,,,,,,,,,,,,,,,,,,,,,,,,,,81,4,,,76,4,,,121,3,,,19,1,,
38688,,,,,,,,,,,,,,,,,,,,,,,,,,,,,,,,,,,,,,,,,,,,,86,10,,,93,13,,,117,12,,,,,,
72133,,,,,,,,,,,,,,,,,,,,,,,,,,,,,,,,,,,,,,,,,,,,,6,5,,,,,,,,,,,,,,
69250,,,,,,,,,,,,,,,,,,,,,,,,,,,,,,,,,,,,,,,,,,,,,115,7,,,,,,,24,1,,,,,,
40668,,,,,,,,,,,,,,,,,,,,,,,,,,,,,,,,,,,,,,,,,,,,,127,16,,,132,15,,,,,,,,,,
52520,,,,,,,,,,,,,,,,,,,,,,,,,,,,,,,,,,,,,,,,,,,,,128,17,,,,,,,,,,,,,,
47845,,,,,,,,,,,,,,,,,,,,,,,,,,,,,,,,,,,,,,,,,,,,,136,18,,,,,,,,,,,,,,
44737,,,,,,,,,,,,,,,,,,,,,,,,,,,,,,,,,,,,,,,,,,,,,138,36,,,,,,,,,,,,,,
59823,,,,,,,,,,,,,,,,,,,,,,,,,,,,,,,,,,,,,,,,,,,,,140,4,,,,,,,,,,,,,,
30903,,,,,,,,,,,,,,,,,,,,,,,,,,,,,,,,,,,,,,,,,,,,,143,1,,,,,,,69,4,,,,,,
58220,,,,,,,,,,,,,,,,,,,,,,,,,,,,,,,,,,,,,,,,,,,,,,,,,1,1,,,78,3,,,,,,
58724,,,,,,,,,,,,,,,,,,,,,,,,,,,,,,,,,,,,,,,,,,,,,,,,,5,3,,,177,8,,,,,,
66167,,,,,,,,,,,,,,,,,,,,,,,,,,,,,,,,,,,,,,,,,,,,,,,,,7,1,1,1,93,18,16,2,,,,
68783,,,,,,,,,,,,,,,,,,,,,,,,,,,,,,,,,,,,,,,,,,,,,,,,,11,2,1,1,59,14,13,4,,,,
85872,,,,,,,,,,,,,,,,,,,,,,,,,,,,,,,,,,,,,,,,,,,,,,,,,1,1,1,1,,,,,,,,
57579,,,,,,,,,,,,,,,,,,,,,,,,,,,,,,,,,,,,,,,,,,,,,,,,,14,1,,,52,3,,,,,,
59794,,,,,,,,,,,,,,,,,,,,,,,,,,,,,,,,,,,,,,,,,,,,,,,,,15,2,,,93,18,,,,,,
34478,,,,,,,,,,,,,,,,,,,,,,,,,,,,,,,,,,,,,,,,,,,,,,,,,16,1,,,117,2,,,,,,
85795,,,,,,,,,,,,,,,,,,,,,,,,,,,,,,,,,,,,,,,,,,,,,,,,,3,1,,,2,1,,,10,2,,
66068,,,,,,,,,,,,,,,,,,,,,,,,,,,,,,,,,,,,,,,,,,,,,,,,,26,1,2,1,6,2,4,2,,,,
85809,,,,,,,,,,,,,,,,,,,,,,,,,,,,,,,,,,,,,,,,,,,,,,,,,31,10,,,,,,,,,,
66422,,,,,,,,,,,,,,,,,,,,,,,,,,,,,,,,,,,,,,,,,,,,,,,,,35,13,10,6,73,8,26,3,,,,
85334,,,,,,,,,,,,,,,,,,,,,,,,,,,,,,,,,,,,,,,,,,,,,,,,,35,13,9,6,,,,,,,,
73372,,,,,,,,,,,,,,,,,,,,,,,,,,,,,,,,,,,,,,,,,,,,,,,,,46,4,4,2,1,1,1,1,37,10,3,3
63326,,,,,,,,,,,,,,,,,,,,,,,,,,,,,,,,,,,,,,,,,,,,,,,,,46,4,11,2,144,8,20,3,,,,
60937,,,,,,,,,,,,,,,,,,,,,,,,,,,,,,,,,,,,,,,,,,,,,,,,,54,2,,,107,7,,,,,,
19599,,,,,,,,,,,,,,,,,,,,,,,,,,,,,,,,,,,,,,,,,,,,,,,,,60,7,,,,,,,,,,
72503,,,,,,,,,,,,,,,,,,,,,,,,,,,,,,,,,,,,,,,,,,,,,,,,,70,2,1,1,2,1,2,1,,,,
48913,,,,,,,,,,,,,,,,,,,,,,,,,,,,,,,,,,,,,,,,,,,,,,,,,81,4,,,174,10,,,,,,
60699,,,,,,,,,,,,,,,,,,,,,,,,,,,,,,,,,,,,,,,,,,,,,,,,,92,12,19,3,12,2,,,,,,
67101,,,,,,,,,,,,,,,,,,,,,,,,,,,,,,,,,,,,,,,,,,,,,,,,,96,24,6,2,34,8,11,3,31,7,1,1
58196,,,,,,,,,,,,,,,,,,,,,,,,,,,,,,,,,,,,,,,,,,,,,,,,,98,9,,,,,,,,,,
10568,,,,,,,,,,,,,,,,,,,,,,,,,,,,,,,,,,,,,,,,,,,,,,,,,110,18,,,154,27,,,,,,
63405,,,,,,,,,,,,,,,,,,,,,,,,,,,,,,,,,,,,,,,,,,,,,,,,,110,18,22,4,62,14,23,4,22,6,,
14578,,,,,,,,,,,,,,,,,,,,,,,,,,,,,,,,,,,,,,,,,,,,,,,,,113,11,,,80,10,,,,,,
47695,,,,,,,,,,,,,,,,,,,,,,,,,,,,,,,,,,,,,,,,,,,,,,,,,116,10,,,32,1,,,,,,
13361,,,,,,,,,,,,,,,,,,,,,,,,,,,,,,,,,,,,,,,,,,,,,,,,,125,32,,,,,,,,,,
85871,,,,,,,,,,,,,,,,,,,,,,,,,,,,,,,,,,,,,,,,,,,,,,,,,11,7,,,4,2,,,,,,
54097,,,,,,,,,,,,,,,,,,,,,,,,,,,,,,,,,,,,,,,,,,,,,,,,,136,2,,,,,,,,,,
64627,,,,,,,,,,,,,,,,,,,,,,,,,,,,,,,,,,,,,,,,,,,,,,,,,143,11,25,1,38,2,,,,,,
85874,,,,,,,,,,,,,,,,,,,,,,,,,,,,,,,,,,,,,,,,,,,,,,,,,12,2,,,3,1,,,,,,
38506,,,,,,,,,,,,,,,,,,,,,,,,,,,,,,,,,,,,,,,,,,,,,,,,,143,17,,,,,,,,,,
59788,,,,,,,,,,,,,,,,,,,,,,,,,,,,,,,,,,,,,,,,,,,,,,,,,146,36,,,5,3,,,,,,
70656,,,,,,,,,,,,,,,,,,,,,,,,,,,,,,,,,,,,,,,,,,,,,,,,,157,25,16,3,,,,,,,,
352,,,,,,,,,,,,,,,,,,,,,,,,,,,,,,,,,,,,,,,,,,,,,,,,,159,18,,,159,24,,,,,,
48712,,,,,,,,,,,,,,,,,,,,,,,,,,,,,,,,,,,,,,,,,,,,,,,,,161,11,,,,,,,,,,
60293,,,,,,,,,,,,,,,,,,,,,,,,,,,,,,,,,,,,,,,,,,,,,,,,,167,3,29,1,,,,,,,,
46353,,,,,,,,,,,,,,,,,,,,,,,,,,,,,,,,,,,,,,,,,,,,,,,,,169,18,,,,,,,,,,
83604,,,,,,,,,,,,,,,,,,,,,,,,,,,,,,,,,,,,,,,,,,,,,,,,,,,,,3,1,,,,,,
69012,,,,,,,,,,,,,,,,,,,,,,,,,,,,,,,,,,,,,,,,,,,,,,,,,,,,,4,2,3,2,,,,
74151,,,,,,,,,,,,,,,,,,,,,,,,,,,,,,,,,,,,,,,,,,,,,,,,,,,,,9,1,1,1,,,,
64686,,,,,,,,,,,,,,,,,,,,,,,,,,,,,,,,,,,,,,,,,,,,,,,,,,,,,14,4,9,2,7,2,,
66134,,,,,,,,,,,,,,,,,,,,,,,,,,,,,,,,,,,,,,,,,,,,,,,,,,,,,17,5,7,1,,,,
74999,,,,,,,,,,,,,,,,,,,,,,,,,,,,,,,,,,,,,,,,,,,,,,,,,,,,,19,1,6,1,,,,
88492,,,,,,,,,,,,,,,,,,,,,,,,,,,,,,,,,,,,,,,,,,,,,,,,,,,,,20,2,7,2,,,,
45828,,,,,,,,,,,,,,,,,,,,,,,,,,,,,,,,,,,,,,,,,,,,,,,,,,,,,26,8,,,,,,
67398,,,,,,,,,,,,,,,,,,,,,,,,,,,,,,,,,,,,,,,,,,,,,,,,,,,,,27,9,,,,,,
80634,,,,,,,,,,,,,,,,,,,,,,,,,,,,,,,,,,,,,,,,,,,,,,,,,,,,,28,1,8,1,,,,
47358,,,,,,,,,,,,,,,,,,,,,,,,,,,,,,,,,,,,,,,,,,,,,,,,,,,,,28,1,,,,,,
65454,,,,,,,,,,,,,,,,,,,,,,,,,,,,,,,,,,,,,,,,,,,,,,,,,,,,,33,3,16,2,,,,
90195,,,,,,,,,,,,,,,,,,,,,,,,,,,,,,,,,,,,,,,,,,,,,,,,,,,,,1,1,1,1,,,,
88691,,,,,,,,,,,,,,,,,,,,,,,,,,,,,,,,,,,,,,,,,,,,,,,,,,,,,42,10,,,,,,
30905,,,,,,,,,,,,,,,,,,,,,,,,,,,,,,,,,,,,,,,,,,,,,,,,,,,,,45,2,,,,,,
88791,,,,,,,,,,,,,,,,,,,,,,,,,,,,,,,,,,,,,,,,,,,,,,,,,,,,,5,3,,,,,,
64531,,,,,,,,,,,,,,,,,,,,,,,,,,,,,,,,,,,,,,,,,,,,,,,,,,,,,62,6,,,,,,
74016,,,,,,,,,,,,,,,,,,,,,,,,,,,,,,,,,,,,,,,,,,,,,,,,,,,,,7,2,1,1,,,,
74971,,,,,,,,,,,,,,,,,,,,,,,,,,,,,,,,,,,,,,,,,,,,,,,,,,,,,69,6,14,2,,,,
88047,,,,,,,,,,,,,,,,,,,,,,,,,,,,,,,,,,,,,,,,,,,,,,,,,,,,,76,3,,,,,,
72749,,,,,,,,,,,,,,,,,,,,,,,,,,,,,,,,,,,,,,,,,,,,,,,,,,,,,78,9,15,2,,,,
58156,,,,,,,,,,,,,,,,,,,,,,,,,,,,,,,,,,,,,,,,,,,,,,,,,,,,,88,18,,,,,,
71810,,,,,,,,,,,,,,,,,,,,,,,,,,,,,,,,,,,,,,,,,,,,,,,,,,,,,93,3,16,1,,,,
65902,,,,,,,,,,,,,,,,,,,,,,,,,,,,,,,,,,,,,,,,,,,,,,,,,,,,,110,21,32,6,,,,
69896,,,,,,,,,,,,,,,,,,,,,,,,,,,,,,,,,,,,,,,,,,,,,,,,,,,,,113,5,,,12,3,,
58639,,,,,,,,,,,,,,,,,,,,,,,,,,,,,,,,,,,,,,,,,,,,,,,,,,,,,117,18,,,,,,
63169,,,,,,,,,,,,,,,,,,,,,,,,,,,,,,,,,,,,,,,,,,,,,,,,,,,,,126,25,,,,,,
68864,,,,,,,,,,,,,,,,,,,,,,,,,,,,,,,,,,,,,,,,,,,,,,,,,,,,,135,5,19,1,,,,
44164,,,,,,,,,,,,,,,,,,,,,,,,,,,,,,,,,,,,,,,,,,,,,,,,,,,,,141,22,,,,,,
72873,,,,,,,,,,,,,,,,,,,,,,,,,,,,,,,,,,,,,,,,,,,,,,,,,,,,,161,29,9,1,,,,
88410,,,,,,,,,,,,,,,,,,,,,,,,,,,,,,,,,,,,,,,,,,,,,,,,,,,,,173,34,36,12,,,,
89073,,,,,,,,,,,,,,,,,,,,,,,,,,,,,,,,,,,,,,,,,,,,,,,,,,,,,179,11,,,,,,
48361,,,,,,,,,,,,,,,,,,,,,,,,,,,,,,,,,,,,,,,,,,,,,,,,,,,,,180,25,,,,,,
72964,,,,,,,,,,,,,,,,,,,,,,,,,,,,,,,,,,,,,,,,,,,,,,,,,,,,,,,,,7,4,,
36944,,,,,,,,,,,,,,,,,,,,,,,,,,,,,,,,,,,,,,,,,,,,,,,,,,,,,,,,,9,1,,
68815,,,,,,,,,,,,,,,,,,,,,,,,,,,,,,,,,,,,,,,,,,,,,,,,,,,,,,,,,3,1,1,1
73583,,,,,,,,,,,,,,,,,,,,,,,,,,,,,,,,,,,,,,,,,,,,,,,,,,,,,,,,,16,1,3,1
3565,,,,,,,,,,,,,,,,,,,,,,,,,,,,,,,,,,,,,,,,,,,,,,,,,,,,,,,,,19,1,,
83008,,,,,,,,,,,,,,,,,,,,,,,,,,,,,,,,,,,,,,,,,,,,,,,,,,,,,,,,,22,1,,
54067,,,,,,,,,,,,,,,,,,,,,,,,,,,,,,,,,,,,,,,,,,,,,,,,,,,,,,,,,7,3,,
29490,,,,,,,,,,,,,,,,,,,,,,,,,,,,,,,,,,,,,,,,,,,,,,,,,,,,,,,,,8,4,,
10556,,,,,,,,,,,,,,,,,,,,,,,,,,,,,,,,,,,,,,,,,,,,,,,,,,,,,,,,,31,9,,
71593,,,,,,,,,,,,,,,,,,,,,,,,,,,,,,,,,,,,,,,,,,,,,,,,,,,,,,,,,37,10,3,1
57381,,,,,,,,,,,,,,,,,,,,,,,,,,,,,,,,,,,,,,,,,,,,,,,,,,,,,,,,,9,4,,
55027,,,,,,,,,,,,,,,,,,,,,,,,,,,,,,,,,,,,,,,,,,,,,,,,,,,,,,,,,43,1,,
59164,,,,,,,,,,,,,,,,,,,,,,,,,,,,,,,,,,,,,,,,,,,,,,,,,,,,,,,,,48,2,,
