Sezóna,Pohlaví,Kraj,Kategorie,Počet hráčů,Počet skokanů
2012,M,,dospělí,10897,
2012,Z,,dospělí,837,
2013,M,,dospělí,12284,9205
2013,Z,,dospělí,916,645
2014,M,,dospělí,12935,10412
2014,Z,,dospělí,966,713
2015,M,,dospělí,15310,11163
2015,Z,,dospělí,1053,748
2016,M,,dospělí,15609,13017
2016,Z,,dospělí,1132,816
2017,M,,dospělí,16337,13260
2017,Z,,dospělí,1170,820
2018,M,,dospělí,16749,13729
2018,Z,,dospělí,1226,825
2019,M,,dospělí,17067,14082
2019,Z,,dospělí,1282,823
2020,M,,dospělí,17060,13881
2020,Z,,dospělí,1332,799
2021,M,,dospělí,7986,7228
2021,Z,,dospělí,620,490
2022,M,,dospělí,16294,7105
2022,Z,,dospělí,1194,466
2023,M,,dospělí,16311,13127
2023,Z,,dospělí,1232,747
2024,M,,dospělí,16585,13238
2024,Z,,dospělí,1287,784
2025,M,,dospělí,16551,13227
2025,Z,,dospělí,1359,816
2026,M,,dospělí,16767,13429
2026,Z,,dospělí,1381,885
2012,M,KSST Jihomoravský,dospělí,1231,
2012,M,KSST Jihočeský,dospělí,1072,
2012,M,KSST Karlovarský,dospělí,211,
2012,M,KSST Kralovéhradecký,dospělí,1268,
2012,M,KSST Liberecký,dospělí,520,
2012,M,KSST Olomoucký,dospělí,722,
2012,M,KSST Pardubický,dospělí,648,
2012,M,KSST Plzeňský,dospělí,803,
2012,M,KSST Vysočina,dospělí,796,
2012,M,KSST Zlínský,dospělí,37,
2012,M,KSST Ústecký,dospělí,49,
2012,M,Moravskoslezský SST,dospělí,893,
2012,M,Pražský SST,dospělí,904,
2012,M,Středočeský SST,dospělí,1743,
2012,Z,KSST Jihomoravský,dospělí,102,
2012,Z,KSST Jihočeský,dospělí,63,
2012,Z,KSST Karlovarský,dospělí,13,
2012,Z,KSST Kralovéhradecký,dospělí,97,
2012,Z,KSST Liberecký,dospělí,29,
2012,Z,KSST Olomoucký,dospělí,49,
2012,Z,KSST Pardubický,dospělí,60,
2012,Z,KSST Plzeňský,dospělí,85,
2012,Z,KSST Vysočina,dospělí,21,
2012,Z,KSST Zlínský,dospělí,5,
2012,Z,KSST Ústecký,dospělí,17,
2012,Z,Moravskoslezský SST,dospělí,62,
2012,Z,Pražský SST,dospělí,146,
2012,Z,Středočeský SST,dospělí,88,
2013,M,KSST Jihomoravský,dospělí,1768,1009
2013,M,KSST Jihočeský,dospělí,1029,890
2013,M,KSST Karlovarský,dospělí,215,171
2013,M,KSST Kralovéhradecký,dospělí,1274,1094
2013,M,KSST Liberecký,dospělí,516,437
2013,M,KSST Olomoucký,dospělí,881,619
2013,M,KSST Pardubický,dospělí,762,523
2013,M,KSST Plzeňský,dospělí,875,687
2013,M,KSST Vysočina,dospělí,805,692
2013,M,KSST Zlínský,dospělí,106,22
2013,M,KSST Ústecký,dospělí,38,31
2013,M,Moravskoslezský SST,dospělí,1291,762
2013,M,Pražský SST,dospělí,877,752
2013,M,Středočeský SST,dospělí,1847,1516
2013,Z,KSST Jihomoravský,dospělí,134,86
2013,Z,KSST Jihočeský,dospělí,68,50
2013,Z,KSST Karlovarský,dospělí,19,10
2013,Z,KSST Kralovéhradecký,dospělí,99,75
2013,Z,KSST Liberecký,dospělí,33,24
2013,Z,KSST Olomoucký,dospělí,39,20
2013,Z,KSST Pardubický,dospělí,64,47
2013,Z,KSST Plzeňský,dospělí,77,66
2013,Z,KSST Vysočina,dospělí,30,19
2013,Z,KSST Zlínský,dospělí,10,4
2013,Z,KSST Ústecký,dospělí,16,12
2013,Z,Moravskoslezský SST,dospělí,71,48
2013,Z,Pražský SST,dospělí,151,120
2013,Z,Středočeský SST,dospělí,105,64
2014,M,KSST Jihomoravský,dospělí,2164,1535
2014,M,KSST Jihočeský,dospělí,1052,921
2014,M,KSST Karlovarský,dospělí,252,184
2014,M,KSST Kralovéhradecký,dospělí,1259,1050
2014,M,KSST Liberecký,dospělí,540,442
2014,M,KSST Olomoucký,dospělí,820,694
2014,M,KSST Pardubický,dospělí,806,640
2014,M,KSST Plzeňský,dospělí,864,752
2014,M,KSST Vysočina,dospělí,806,689
2014,M,KSST Zlínský,dospělí,110,76
2014,M,KSST Ústecký,dospělí,271,37
2014,M,Moravskoslezský SST,dospělí,1263,1084
2014,M,Pražský SST,dospělí,907,764
2014,M,Středočeský SST,dospělí,1821,1544
2014,Z,KSST Jihomoravský,dospělí,159,105
2014,Z,KSST Jihočeský,dospělí,68,53
2014,Z,KSST Karlovarský,dospělí,26,12
2014,Z,KSST Kralovéhradecký,dospělí,110,79
2014,Z,KSST Liberecký,dospělí,41,28
2014,Z,KSST Olomoucký,dospělí,33,22
2014,Z,KSST Pardubický,dospělí,60,49
2014,Z,KSST Plzeňský,dospělí,85,64
2014,Z,KSST Vysočina,dospělí,35,28
2014,Z,KSST Zlínský,dospělí,11,7
2014,Z,KSST Ústecký,dospělí,23,10
2014,Z,Moravskoslezský SST,dospělí,72,51
2014,Z,Pražský SST,dospělí,146,126
2014,Z,Středočeský SST,dospělí,97,79
2015,M,KSST Jihomoravský,dospělí,2116,1828
2015,M,KSST Jihočeský,dospělí,1091,912
2015,M,KSST Karlovarský,dospělí,224,192
2015,M,KSST Kralovéhradecký,dospělí,1276,1069
2015,M,KSST Liberecký,dospělí,661,474
2015,M,KSST Olomoucký,dospělí,834,713
2015,M,KSST Pardubický,dospělí,782,691
2015,M,KSST Plzeňský,dospělí,829,728
2015,M,KSST Vysočina,dospělí,1338,731
2015,M,KSST Zlínský,dospělí,567,87
2015,M,KSST Ústecký,dospělí,971,249
2015,M,Moravskoslezský SST,dospělí,1512,1097
2015,M,Pražský SST,dospělí,887,791
2015,M,Středočeský SST,dospělí,2222,1601
2015,Z,KSST Jihomoravský,dospělí,138,104
2015,Z,KSST Jihočeský,dospělí,73,54
2015,Z,KSST Karlovarský,dospělí,20,14
2015,Z,KSST Kralovéhradecký,dospělí,111,85
2015,Z,KSST Liberecký,dospělí,53,33
2015,Z,KSST Olomoucký,dospělí,28,20
2015,Z,KSST Pardubický,dospělí,70,51
2015,Z,KSST Plzeňský,dospělí,70,60
2015,Z,KSST Vysočina,dospělí,56,27
2015,Z,KSST Zlínský,dospělí,24,11
2015,Z,KSST Ústecký,dospělí,52,20
2015,Z,Moravskoslezský SST,dospělí,93,57
2015,Z,Pražský SST,dospělí,148,126
2015,Z,Středočeský SST,dospělí,117,86
2016,M,KSST Jihomoravský,dospělí,2189,1817
2016,M,KSST Jihočeský,dospělí,1134,961
2016,M,KSST Karlovarský,dospělí,251,194
2016,M,KSST Kralovéhradecký,dospělí,1333,1083
2016,M,KSST Liberecký,dospělí,660,571
2016,M,KSST Olomoucký,dospělí,818,683
2016,M,KSST Pardubický,dospělí,768,656
2016,M,KSST Plzeňský,dospělí,811,699
2016,M,KSST Vysočina,dospělí,1301,1132
2016,M,KSST Zlínský,dospělí,747,498
2016,M,KSST Ústecký,dospělí,1000,805
2016,M,Moravskoslezský SST,dospělí,1495,1277
2016,M,Pražský SST,dospělí,899,772
2016,M,Středočeský SST,dospělí,2203,1869
2016,Z,KSST Jihomoravský,dospělí,151,104
2016,Z,KSST Jihočeský,dospělí,77,54
2016,Z,KSST Karlovarský,dospělí,42,17
2016,Z,KSST Kralovéhradecký,dospělí,118,85
2016,Z,KSST Liberecký,dospělí,53,32
2016,Z,KSST Olomoucký,dospělí,30,19
2016,Z,KSST Pardubický,dospělí,75,53
2016,Z,KSST Plzeňský,dospělí,69,58
2016,Z,KSST Vysočina,dospělí,60,43
2016,Z,KSST Zlínský,dospělí,37,19
2016,Z,KSST Ústecký,dospělí,59,45
2016,Z,Moravskoslezský SST,dospělí,85,64
2016,Z,Pražský SST,dospělí,149,121
2016,Z,Středočeský SST,dospělí,127,102
2017,M,KSST Jihomoravský,dospělí,2169,1834
2017,M,KSST Jihočeský,dospělí,1120,964
2017,M,KSST Karlovarský,dospělí,254,214
2017,M,KSST Kralovéhradecký,dospělí,1336,1096
2017,M,KSST Liberecký,dospělí,687,572
2017,M,KSST Olomoucký,dospělí,921,706
2017,M,KSST Pardubický,dospělí,717,614
2017,M,KSST Plzeňský,dospělí,1017,704
2017,M,KSST Vysočina,dospělí,1350,1142
2017,M,KSST Zlínský,dospělí,1042,635
2017,M,KSST Ústecký,dospělí,1012,849
2017,M,Moravskoslezský SST,dospělí,1495,1265
2017,M,Pražský SST,dospělí,912,796
2017,M,Středočeský SST,dospělí,2305,1869
2017,Z,KSST Jihomoravský,dospělí,156,111
2017,Z,KSST Jihočeský,dospělí,74,54
2017,Z,KSST Karlovarský,dospělí,31,20
2017,Z,KSST Kralovéhradecký,dospělí,126,86
2017,Z,KSST Liberecký,dospělí,55,36
2017,Z,KSST Olomoucký,dospělí,43,23
2017,Z,KSST Pardubický,dospělí,73,53
2017,Z,KSST Plzeňský,dospělí,67,46
2017,Z,KSST Vysočina,dospělí,60,43
2017,Z,KSST Zlínský,dospělí,53,29
2017,Z,KSST Ústecký,dospělí,50,40
2017,Z,Moravskoslezský SST,dospělí,91,60
2017,Z,Pražský SST,dospělí,148,126
2017,Z,Středočeský SST,dospělí,143,93
2018,M,KSST Jihomoravský,dospělí,2193,1817
2018,M,KSST Jihočeský,dospělí,1130,964
2018,M,KSST Karlovarský,dospělí,250,196
2018,M,KSST Kralovéhradecký,dospělí,1274,1071
2018,M,KSST Liberecký,dospělí,678,580
2018,M,KSST Olomoucký,dospělí,915,784
2018,M,KSST Pardubický,dospělí,836,601
2018,M,KSST Plzeňský,dospělí,995,869
2018,M,KSST Vysočina,dospělí,1323,1152
2018,M,KSST Zlínský,dospělí,1055,879
2018,M,KSST Ústecký,dospělí,1083,868
2018,M,Moravskoslezský SST,dospělí,1477,1238
2018,M,Pražský SST,dospělí,920,805
2018,M,Středočeský SST,dospělí,2620,1905
2018,Z,KSST Jihomoravský,dospělí,184,108
2018,Z,KSST Jihočeský,dospělí,68,48
2018,Z,KSST Karlovarský,dospělí,39,20
2018,Z,KSST Kralovéhradecký,dospělí,114,73
2018,Z,KSST Liberecký,dospělí,61,39
2018,Z,KSST Olomoucký,dospělí,41,29
2018,Z,KSST Pardubický,dospělí,68,42
2018,Z,KSST Plzeňský,dospělí,63,53
2018,Z,KSST Vysočina,dospělí,59,43
2018,Z,KSST Zlínský,dospělí,58,39
2018,Z,KSST Ústecký,dospělí,58,38
2018,Z,Moravskoslezský SST,dospělí,107,66
2018,Z,Pražský SST,dospělí,142,127
2018,Z,Středočeský SST,dospělí,164,100
2019,M,KSST Jihomoravský,dospělí,2272,1837
2019,M,KSST Jihočeský,dospělí,1190,991
2019,M,KSST Karlovarský,dospělí,246,198
2019,M,KSST Kralovéhradecký,dospělí,1278,1049
2019,M,KSST Liberecký,dospělí,675,575
2019,M,KSST Olomoucký,dospělí,901,772
2019,M,KSST Pardubický,dospělí,838,705
2019,M,KSST Plzeňský,dospělí,960,830
2019,M,KSST Vysočina,dospělí,1315,1128
2019,M,KSST Zlínský,dospělí,1070,865
2019,M,KSST Ústecký,dospělí,1076,912
2019,M,Moravskoslezský SST,dospělí,1485,1221
2019,M,Pražský SST,dospělí,939,818
2019,M,Středočeský SST,dospělí,2822,2181
2019,Z,KSST Jihomoravský,dospělí,199,118
2019,Z,KSST Jihočeský,dospělí,75,56
2019,Z,KSST Karlovarský,dospělí,34,21
2019,Z,KSST Kralovéhradecký,dospělí,118,66
2019,Z,KSST Liberecký,dospělí,62,37
2019,Z,KSST Olomoucký,dospělí,40,25
2019,Z,KSST Pardubický,dospělí,69,44
2019,Z,KSST Plzeňský,dospělí,67,51
2019,Z,KSST Vysočina,dospělí,53,38
2019,Z,KSST Zlínský,dospělí,61,41
2019,Z,KSST Ústecký,dospělí,66,38
2019,Z,Moravskoslezský SST,dospělí,113,67
2019,Z,Pražský SST,dospělí,137,115
2019,Z,Středočeský SST,dospělí,188,106
2020,M,KSST Jihomoravský,dospělí,2283,1773
2020,M,KSST Jihočeský,dospělí,1164,997
2020,M,KSST Karlovarský,dospělí,247,192
2020,M,KSST Kralovéhradecký,dospělí,1291,1041
2020,M,KSST Liberecký,dospělí,685,554
2020,M,KSST Olomoucký,dospělí,1040,767
2020,M,KSST Pardubický,dospělí,843,697
2020,M,KSST Plzeňský,dospělí,926,791
2020,M,KSST Vysočina,dospělí,1300,1096
2020,M,KSST Zlínský,dospělí,1080,824
2020,M,KSST Ústecký,dospělí,1014,880
2020,M,Moravskoslezský SST,dospělí,1450,1194
2020,M,Pražský SST,dospělí,940,822
2020,M,Středočeský SST,dospělí,2797,2253
2020,Z,KSST Jihomoravský,dospělí,199,108
2020,Z,KSST Jihočeský,dospělí,82,53
2020,Z,KSST Karlovarský,dospělí,29,20
2020,Z,KSST Kralovéhradecký,dospělí,119,59
2020,Z,KSST Liberecký,dospělí,66,38
2020,Z,KSST Olomoucký,dospělí,49,23
2020,Z,KSST Pardubický,dospělí,67,46
2020,Z,KSST Plzeňský,dospělí,74,44
2020,Z,KSST Vysočina,dospělí,51,39
2020,Z,KSST Zlínský,dospělí,64,36
2020,Z,KSST Ústecký,dospělí,58,41
2020,Z,Moravskoslezský SST,dospělí,119,70
2020,Z,Pražský SST,dospělí,155,111
2020,Z,Středočeský SST,dospělí,200,111
2021,M,KSST Jihomoravský,dospělí,1148,986
2021,M,KSST Jihočeský,dospělí,426,398
2021,M,KSST Karlovarský,dospělí,110,102
2021,M,KSST Kralovéhradecký,dospělí,753,695
2021,M,KSST Liberecký,dospělí,258,239
2021,M,KSST Olomoucký,dospělí,550,495
2021,M,KSST Pardubický,dospělí,383,342
2021,M,KSST Plzeňský,dospělí,273,267
2021,M,KSST Vysočina,dospělí,226,206
2021,M,KSST Zlínský,dospělí,378,359
2021,M,KSST Ústecký,dospělí,516,475
2021,M,Moravskoslezský SST,dospělí,850,774
2021,M,Pražský SST,dospělí,629,572
2021,M,Středočeský SST,dospělí,1486,1318
2021,Z,KSST Jihomoravský,dospělí,103,75
2021,Z,KSST Jihočeský,dospělí,26,23
2021,Z,KSST Karlovarský,dospělí,10,8
2021,Z,KSST Kralovéhradecký,dospělí,61,48
2021,Z,KSST Liberecký,dospělí,22,15
2021,Z,KSST Olomoucký,dospělí,26,20
2021,Z,KSST Pardubický,dospělí,25,23
2021,Z,KSST Plzeňský,dospělí,18,17
2021,Z,KSST Vysočina,dospělí,14,7
2021,Z,KSST Zlínský,dospělí,14,12
2021,Z,KSST Ústecký,dospělí,36,32
2021,Z,Moravskoslezský SST,dospělí,65,49
2021,Z,Pražský SST,dospělí,107,94
2021,Z,Středočeský SST,dospělí,93,67
2022,M,KSST Jihomoravský,dospělí,2268,978
2022,M,KSST Jihočeský,dospělí,1151,392
2022,M,KSST Karlovarský,dospělí,240,92
2022,M,KSST Kralovéhradecký,dospělí,1214,674
2022,M,KSST Liberecký,dospělí,621,224
2022,M,KSST Olomoucký,dospělí,1004,514
2022,M,KSST Pardubický,dospělí,755,340
2022,M,KSST Plzeňský,dospělí,919,272
2022,M,KSST Vysočina,dospělí,1209,198
2022,M,KSST Zlínský,dospělí,1003,343
2022,M,KSST Ústecký,dospělí,946,465
2022,M,Moravskoslezský SST,dospělí,1362,756
2022,M,Pražský SST,dospělí,923,569
2022,M,Středočeský SST,dospělí,2679,1288
2022,Z,KSST Jihomoravský,dospělí,183,71
2022,Z,KSST Jihočeský,dospělí,68,22
2022,Z,KSST Karlovarský,dospělí,22,8
2022,Z,KSST Kralovéhradecký,dospělí,105,48
2022,Z,KSST Liberecký,dospělí,55,13
2022,Z,KSST Olomoucký,dospělí,52,20
2022,Z,KSST Pardubický,dospělí,46,18
2022,Z,KSST Plzeňský,dospělí,63,15
2022,Z,KSST Vysočina,dospělí,57,11
2022,Z,KSST Zlínský,dospělí,57,10
2022,Z,KSST Ústecký,dospělí,63,29
2022,Z,Moravskoslezský SST,dospělí,101,44
2022,Z,Pražský SST,dospělí,150,93
2022,Z,Středočeský SST,dospělí,172,64
2023,M,KSST Jihomoravský,dospělí,2274,1744
2023,M,KSST Jihočeský,dospělí,1105,933
2023,M,KSST Karlovarský,dospělí,243,187
2023,M,KSST Kralovéhradecký,dospělí,1272,972
2023,M,KSST Liberecký,dospělí,610,490
2023,M,KSST Olomoucký,dospělí,1003,858
2023,M,KSST Pardubický,dospělí,744,631
2023,M,KSST Plzeňský,dospělí,914,770
2023,M,KSST Vysočina,dospělí,1241,995
2023,M,KSST Zlínský,dospělí,968,743
2023,M,KSST Ústecký,dospělí,934,780
2023,M,Moravskoslezský SST,dospělí,1380,1125
2023,M,Pražský SST,dospělí,949,795
2023,M,Středočeský SST,dospělí,2674,2104
2023,Z,KSST Jihomoravský,dospělí,196,93
2023,Z,KSST Jihočeský,dospělí,67,45
2023,Z,KSST Karlovarský,dospělí,21,14
2023,Z,KSST Kralovéhradecký,dospělí,107,63
2023,Z,KSST Liberecký,dospělí,56,34
2023,Z,KSST Olomoucký,dospělí,69,38
2023,Z,KSST Pardubický,dospělí,46,27
2023,Z,KSST Plzeňský,dospělí,61,39
2023,Z,KSST Vysočina,dospělí,60,40
2023,Z,KSST Zlínský,dospělí,45,24
2023,Z,KSST Ústecký,dospělí,57,45
2023,Z,Moravskoslezský SST,dospělí,95,63
2023,Z,Pražský SST,dospělí,138,115
2023,Z,Středočeský SST,dospělí,214,107
2024,M,KSST Jihomoravský,dospělí,2242,1731
2024,M,KSST Jihočeský,dospělí,1129,939
2024,M,KSST Karlovarský,dospělí,228,193
2024,M,KSST Kralovéhradecký,dospělí,1258,977
2024,M,KSST Liberecký,dospělí,659,506
2024,M,KSST Olomoucký,dospělí,1084,884
2024,M,KSST Pardubický,dospělí,760,629
2024,M,KSST Plzeňský,dospělí,888,752
2024,M,KSST Vysočina,dospělí,1280,1027
2024,M,KSST Zlínský,dospělí,992,739
2024,M,KSST Ústecký,dospělí,996,816
2024,M,Moravskoslezský SST,dospělí,1385,1117
2024,M,Pražský SST,dospělí,947,808
2024,M,Středočeský SST,dospělí,2737,2120
2024,Z,KSST Jihomoravský,dospělí,185,99
2024,Z,KSST Jihočeský,dospělí,83,49
2024,Z,KSST Karlovarský,dospělí,20,12
2024,Z,KSST Kralovéhradecký,dospělí,110,63
2024,Z,KSST Liberecký,dospělí,49,34
2024,Z,KSST Olomoucký,dospělí,69,45
2024,Z,KSST Pardubický,dospělí,59,34
2024,Z,KSST Plzeňský,dospělí,67,45
2024,Z,KSST Vysočina,dospělí,75,38
2024,Z,KSST Zlínský,dospělí,46,26
2024,Z,KSST Ústecký,dospělí,68,48
2024,Z,Moravskoslezský SST,dospělí,107,62
2024,Z,Pražský SST,dospělí,140,119
2024,Z,Středočeský SST,dospělí,209,110
2025,M,KSST Jihomoravský,dospělí,2207,1694
2025,M,KSST Jihočeský,dospělí,1154,965
2025,M,KSST Karlovarský,dospělí,231,185
2025,M,KSST Kralovéhradecký,dospělí,1252,985
2025,M,KSST Liberecký,dospělí,706,548
2025,M,KSST Olomoucký,dospělí,867,748
2025,M,KSST Pardubický,dospělí,797,644
2025,M,KSST Plzeňský,dospělí,909,765
2025,M,KSST Vysočina,dospělí,1333,1055
2025,M,KSST Zlínský,dospělí,995,751
2025,M,KSST Ústecký,dospělí,1023,839
2025,M,Moravskoslezský SST,dospělí,1376,1107
2025,M,Pražský SST,dospělí,978,822
2025,M,Středočeský SST,dospělí,2723,2119
2025,Z,KSST Jihomoravský,dospělí,205,102
2025,Z,KSST Jihočeský,dospělí,80,52
2025,Z,KSST Karlovarský,dospělí,29,12
2025,Z,KSST Kralovéhradecký,dospělí,105,62
2025,Z,KSST Liberecký,dospělí,52,29
2025,Z,KSST Olomoucký,dospělí,67,45
2025,Z,KSST Pardubický,dospělí,57,40
2025,Z,KSST Plzeňský,dospělí,86,50
2025,Z,KSST Vysočina,dospělí,79,48
2025,Z,KSST Zlínský,dospělí,52,21
2025,Z,KSST Ústecký,dospělí,70,49
2025,Z,Moravskoslezský SST,dospělí,111,67
2025,Z,Pražský SST,dospělí,143,124
2025,Z,Středočeský SST,dospělí,223,115
2026,M,KSST Jihomoravský,dospělí,2174,1686
2026,M,KSST Jihočeský,dospělí,1197,988
2026,M,KSST Karlovarský,dospělí,212,189
2026,M,KSST Kralovéhradecký,dospělí,1235,1003
2026,M,KSST Liberecký,dospělí,713,559
2026,M,KSST Olomoucký,dospělí,869,726
2026,M,KSST Pardubický,dospělí,813,657
2026,M,KSST Plzeňský,dospělí,970,782
2026,M,KSST Vysočina,dospělí,1370,1122
2026,M,KSST Zlínský,dospělí,985,766
2026,M,KSST Ústecký,dospělí,1073,869
2026,M,Moravskoslezský SST,dospělí,1387,1113
2026,M,Pražský SST,dospělí,980,848
2026,M,Středočeský SST,dospělí,2789,2121
2026,Z,KSST Jihomoravský,dospělí,189,103
2026,Z,KSST Jihočeský,dospělí,85,53
2026,Z,KSST Karlovarský,dospělí,22,16
2026,Z,KSST Kralovéhradecký,dospělí,108,70
2026,Z,KSST Liberecký,dospělí,46,33
2026,Z,KSST Olomoucký,dospělí,66,49
2026,Z,KSST Pardubický,dospělí,63,39
2026,Z,KSST Plzeňský,dospělí,95,58
2026,Z,KSST Vysočina,dospělí,86,53
2026,Z,KSST Zlínský,dospělí,56,29
2026,Z,KSST Ústecký,dospělí,77,53
2026,Z,Moravskoslezský SST,dospělí,106,74
2026,Z,Pražský SST,dospělí,143,122
2026,Z,Středočeský SST,dospělí,239,133
2012,M,,U21,2062,
2012,Z,,U21,389,
2013,M,,U21,2236,1386
2013,Z,,U21,402,264
2014,M,,U21,2327,1486
2014,Z,,U21,433,284
2015,M,,U21,2747,1597
2015,Z,,U21,470,294
2016,M,,U21,2870,1849
2016,Z,,U21,520,322
2017,M,,U21,2943,1850
2017,Z,,U21,526,323
2018,M,,U21,2959,1835
2018,Z,,U21,565,299
2019,M,,U21,3047,1737
2019,Z,,U21,598,294
2020,M,,U21,3117,1609
2020,Z,,U21,650,268
2021,M,,U21,1278,945
2021,Z,,U21,275,184
2022,M,,U21,2741,830
2022,Z,,U21,560,168
2023,M,,U21,2822,1340
2023,Z,,U21,576,256
2024,M,,U21,2896,1358
2024,Z,,U21,600,260
2025,M,,U21,2926,1377
2025,Z,,U21,633,278
2026,M,,U21,3036,1465
2026,Z,,U21,636,307
2012,M,KSST Jihomoravský,U21,292,
2012,M,KSST Jihočeský,U21,160,
2012,M,KSST Karlovarský,U21,33,
2012,M,KSST Kralovéhradecký,U21,292,
2012,M,KSST Liberecký,U21,79,
2012,M,KSST Olomoucký,U21,108,
2012,M,KSST Pardubický,U21,180,
2012,M,KSST Plzeňský,U21,116,
2012,M,KSST Vysočina,U21,159,
2012,M,KSST Zlínský,U21,12,
2012,M,KSST Ústecký,U21,15,
2012,M,Moravskoslezský SST,U21,205,
2012,M,Pražský SST,U21,181,
2012,M,Středočeský SST,U21,230,
2012,Z,KSST Jihomoravský,U21,62,
2012,Z,KSST Jihočeský,U21,30,
2012,Z,KSST Karlovarský,U21,8,
2012,Z,KSST Kralovéhradecký,U21,55,
2012,Z,KSST Liberecký,U21,7,
2012,Z,KSST Olomoucký,U21,27,
2012,Z,KSST Pardubický,U21,28,
2012,Z,KSST Plzeňský,U21,40,
2012,Z,KSST Vysočina,U21,7,
2012,Z,KSST Zlínský,U21,2,
2012,Z,KSST Ústecký,U21,8,
2012,Z,Moravskoslezský SST,U21,36,
2012,Z,Pražský SST,U21,38,
2012,Z,Středočeský SST,U21,41,
2013,M,KSST Jihomoravský,U21,387,200
2013,M,KSST Jihočeský,U21,154,111
2013,M,KSST Karlovarský,U21,33,20
2013,M,KSST Kralovéhradecký,U21,300,206
2013,M,KSST Liberecký,U21,70,48
2013,M,KSST Olomoucký,U21,112,62
2013,M,KSST Pardubický,U21,168,122
2013,M,KSST Plzeňský,U21,131,81
2013,M,KSST Vysočina,U21,150,114
2013,M,KSST Zlínský,U21,33,8
2013,M,KSST Ústecký,U21,5,4
2013,M,Moravskoslezský SST,U21,289,145
2013,M,Pražský SST,U21,131,104
2013,M,Středočeský SST,U21,273,161
2013,Z,KSST Jihomoravský,U21,78,48
2013,Z,KSST Jihočeský,U21,28,22
2013,Z,KSST Karlovarský,U21,13,7
2013,Z,KSST Kralovéhradecký,U21,49,37
2013,Z,KSST Liberecký,U21,8,4
2013,Z,KSST Olomoucký,U21,14,7
2013,Z,KSST Pardubický,U21,31,19
2013,Z,KSST Plzeňský,U21,32,28
2013,Z,KSST Vysočina,U21,14,7
2013,Z,KSST Zlínský,U21,6,2
2013,Z,KSST Ústecký,U21,5,4
2013,Z,Moravskoslezský SST,U21,43,28
2013,Z,Pražský SST,U21,35,25
2013,Z,Středočeský SST,U21,46,26
2014,M,KSST Jihomoravský,U21,467,262
2014,M,KSST Jihočeský,U21,150,112
2014,M,KSST Karlovarský,U21,51,25
2014,M,KSST Kralovéhradecký,U21,265,164
2014,M,KSST Liberecký,U21,88,46
2014,M,KSST Olomoucký,U21,103,71
2014,M,KSST Pardubický,U21,189,125
2014,M,KSST Plzeňský,U21,132,91
2014,M,KSST Vysočina,U21,133,97
2014,M,KSST Zlínský,U21,32,22
2014,M,KSST Ústecký,U21,40,5
2014,M,Moravskoslezský SST,U21,291,206
2014,M,Pražský SST,U21,131,87
2014,M,Středočeský SST,U21,255,173
2014,Z,KSST Jihomoravský,U21,91,57
2014,Z,KSST Jihočeský,U21,25,17
2014,Z,KSST Karlovarský,U21,14,7
2014,Z,KSST Kralovéhradecký,U21,57,36
2014,Z,KSST Liberecký,U21,13,7
2014,Z,KSST Olomoucký,U21,9,4
2014,Z,KSST Pardubický,U21,32,22
2014,Z,KSST Plzeňský,U21,39,23
2014,Z,KSST Vysočina,U21,13,11
2014,Z,KSST Zlínský,U21,7,5
2014,Z,KSST Ústecký,U21,12,2
2014,Z,Moravskoslezský SST,U21,46,31
2014,Z,Pražský SST,U21,35,27
2014,Z,Středočeský SST,U21,40,35
2015,M,KSST Jihomoravský,U21,440,313
2015,M,KSST Jihočeský,U21,137,102
2015,M,KSST Karlovarský,U21,40,31
2015,M,KSST Kralovéhradecký,U21,261,153
2015,M,KSST Liberecký,U21,127,59
2015,M,KSST Olomoucký,U21,106,80
2015,M,KSST Pardubický,U21,164,127
2015,M,KSST Plzeňský,U21,132,95
2015,M,KSST Vysočina,U21,251,100
2015,M,KSST Zlínský,U21,108,22
2015,M,KSST Ústecký,U21,135,30
2015,M,Moravskoslezský SST,U21,375,227
2015,M,Pražský SST,U21,128,97
2015,M,Středočeský SST,U21,343,161
2015,Z,KSST Jihomoravský,U21,72,50
2015,Z,KSST Jihočeský,U21,30,19
2015,Z,KSST Karlovarský,U21,13,9
2015,Z,KSST Kralovéhradecký,U21,56,39
2015,Z,KSST Liberecký,U21,21,10
2015,Z,KSST Olomoucký,U21,12,5
2015,Z,KSST Pardubický,U21,34,20
2015,Z,KSST Plzeňský,U21,26,21
2015,Z,KSST Vysočina,U21,20,8
2015,Z,KSST Zlínský,U21,15,6
2015,Z,KSST Ústecký,U21,21,9
2015,Z,Moravskoslezský SST,U21,61,35
2015,Z,Pražský SST,U21,33,25
2015,Z,Středočeský SST,U21,56,38
2016,M,KSST Jihomoravský,U21,476,289
2016,M,KSST Jihočeský,U21,171,99
2016,M,KSST Karlovarský,U21,42,28
2016,M,KSST Kralovéhradecký,U21,285,152
2016,M,KSST Liberecký,U21,105,80
2016,M,KSST Olomoucký,U21,103,67
2016,M,KSST Pardubický,U21,177,117
2016,M,KSST Plzeňský,U21,138,99
2016,M,KSST Vysočina,U21,238,184
2016,M,KSST Zlínský,U21,178,83
2016,M,KSST Ústecký,U21,140,84
2016,M,Moravskoslezský SST,U21,349,251
2016,M,Pražský SST,U21,130,101
2016,M,Středočeský SST,U21,338,215
2016,Z,KSST Jihomoravský,U21,74,49
2016,Z,KSST Jihočeský,U21,40,21
2016,Z,KSST Karlovarský,U21,30,12
2016,Z,KSST Kralovéhradecký,U21,63,39
2016,Z,KSST Liberecký,U21,23,7
2016,Z,KSST Olomoucký,U21,14,6
2016,Z,KSST Pardubický,U21,36,20
2016,Z,KSST Plzeňský,U21,28,20
2016,Z,KSST Vysočina,U21,22,13
2016,Z,KSST Zlínský,U21,20,13
2016,Z,KSST Ústecký,U21,23,17
2016,Z,Moravskoslezský SST,U21,51,36
2016,Z,Pražský SST,U21,38,26
2016,Z,Středočeský SST,U21,58,43
2017,M,KSST Jihomoravský,U21,435,290
2017,M,KSST Jihočeský,U21,159,107
2017,M,KSST Karlovarský,U21,43,30
2017,M,KSST Kralovéhradecký,U21,255,147
2017,M,KSST Liberecký,U21,111,69
2017,M,KSST Olomoucký,U21,115,75
2017,M,KSST Pardubický,U21,137,95
2017,M,KSST Plzeňský,U21,163,97
2017,M,KSST Vysočina,U21,234,179
2017,M,KSST Zlínský,U21,285,122
2017,M,KSST Ústecký,U21,122,90
2017,M,Moravskoslezský SST,U21,370,234
2017,M,Pražský SST,U21,137,98
2017,M,Středočeský SST,U21,377,217
2017,Z,KSST Jihomoravský,U21,81,50
2017,Z,KSST Jihočeský,U21,31,19
2017,Z,KSST Karlovarský,U21,21,17
2017,Z,KSST Kralovéhradecký,U21,67,41
2017,Z,KSST Liberecký,U21,27,11
2017,Z,KSST Olomoucký,U21,12,7
2017,Z,KSST Pardubický,U21,37,21
2017,Z,KSST Plzeňský,U21,28,14
2017,Z,KSST Vysočina,U21,24,13
2017,Z,KSST Zlínský,U21,27,16
2017,Z,KSST Ústecký,U21,16,14
2017,Z,Moravskoslezský SST,U21,52,33
2017,Z,Pražský SST,U21,35,29
2017,Z,Středočeský SST,U21,68,38
2018,M,KSST Jihomoravský,U21,443,249
2018,M,KSST Jihočeský,U21,146,105
2018,M,KSST Karlovarský,U21,51,29
2018,M,KSST Kralovéhradecký,U21,231,124
2018,M,KSST Liberecký,U21,107,76
2018,M,KSST Olomoucký,U21,105,77
2018,M,KSST Pardubický,U21,137,76
2018,M,KSST Plzeňský,U21,156,110
2018,M,KSST Vysočina,U21,234,166
2018,M,KSST Zlínský,U21,304,186
2018,M,KSST Ústecký,U21,139,83
2018,M,Moravskoslezský SST,U21,369,237
2018,M,Pražský SST,U21,146,103
2018,M,Středočeský SST,U21,391,214
2018,Z,KSST Jihomoravský,U21,94,44
2018,Z,KSST Jihočeský,U21,27,16
2018,Z,KSST Karlovarský,U21,28,16
2018,Z,KSST Kralovéhradecký,U21,59,27
2018,Z,KSST Liberecký,U21,32,14
2018,Z,KSST Olomoucký,U21,15,7
2018,Z,KSST Pardubický,U21,33,15
2018,Z,KSST Plzeňský,U21,25,20
2018,Z,KSST Vysočina,U21,26,13
2018,Z,KSST Zlínský,U21,34,18
2018,Z,KSST Ústecký,U21,16,8
2018,Z,Moravskoslezský SST,U21,66,34
2018,Z,Pražský SST,U21,41,32
2018,Z,Středočeský SST,U21,69,35
2019,M,KSST Jihomoravský,U21,476,255
2019,M,KSST Jihočeský,U21,157,95
2019,M,KSST Karlovarský,U21,45,30
2019,M,KSST Kralovéhradecký,U21,231,101
2019,M,KSST Liberecký,U21,113,66
2019,M,KSST Olomoucký,U21,116,71
2019,M,KSST Pardubický,U21,133,80
2019,M,KSST Plzeňský,U21,148,96
2019,M,KSST Vysočina,U21,227,151
2019,M,KSST Zlínský,U21,308,170
2019,M,KSST Ústecký,U21,135,74
2019,M,Moravskoslezský SST,U21,376,228
2019,M,Pražský SST,U21,146,109
2019,M,Středočeský SST,U21,436,211
2019,Z,KSST Jihomoravský,U21,107,44
2019,Z,KSST Jihočeský,U21,33,21
2019,Z,KSST Karlovarský,U21,22,15
2019,Z,KSST Kralovéhradecký,U21,66,27
2019,Z,KSST Liberecký,U21,34,17
2019,Z,KSST Olomoucký,U21,12,6
2019,Z,KSST Pardubický,U21,31,14
2019,Z,KSST Plzeňský,U21,27,18
2019,Z,KSST Vysočina,U21,17,8
2019,Z,KSST Zlínský,U21,36,20
2019,Z,KSST Ústecký,U21,24,7
2019,Z,Moravskoslezský SST,U21,68,31
2019,Z,Pražský SST,U21,38,33
2019,Z,Středočeský SST,U21,83,33
2020,M,KSST Jihomoravský,U21,487,225
2020,M,KSST Jihočeský,U21,159,96
2020,M,KSST Karlovarský,U21,41,25
2020,M,KSST Kralovéhradecký,U21,248,93
2020,M,KSST Liberecký,U21,138,76
2020,M,KSST Olomoucký,U21,139,80
2020,M,KSST Pardubický,U21,125,63
2020,M,KSST Plzeňský,U21,141,76
2020,M,KSST Vysočina,U21,220,133
2020,M,KSST Zlínský,U21,324,153
2020,M,KSST Ústecký,U21,113,67
2020,M,Moravskoslezský SST,U21,358,212
2020,M,Pražský SST,U21,138,104
2020,M,Středočeský SST,U21,486,206
2020,Z,KSST Jihomoravský,U21,107,35
2020,Z,KSST Jihočeský,U21,45,20
2020,Z,KSST Karlovarský,U21,19,14
2020,Z,KSST Kralovéhradecký,U21,63,20
2020,Z,KSST Liberecký,U21,40,19
2020,Z,KSST Olomoucký,U21,18,6
2020,Z,KSST Pardubický,U21,32,13
2020,Z,KSST Plzeňský,U21,37,14
2020,Z,KSST Vysočina,U21,20,11
2020,Z,KSST Zlínský,U21,38,14
2020,Z,KSST Ústecký,U21,23,12
2020,Z,Moravskoslezský SST,U21,70,28
2020,Z,Pražský SST,U21,40,29
2020,Z,Středočeský SST,U21,98,33
2021,M,KSST Jihomoravský,U21,207,119
2021,M,KSST Jihočeský,U21,58,48
2021,M,KSST Karlovarský,U21,20,16
2021,M,KSST Kralovéhradecký,U21,98,75
2021,M,KSST Liberecký,U21,50,40
2021,M,KSST Olomoucký,U21,65,56
2021,M,KSST Pardubický,U21,48,30
2021,M,KSST Plzeňský,U21,34,34
2021,M,KSST Vysočina,U21,50,39
2021,M,KSST Zlínský,U21,66,56
2021,M,KSST Ústecký,U21,56,43
2021,M,Moravskoslezský SST,U21,203,165
2021,M,Pražský SST,U21,91,72
2021,M,Středočeský SST,U21,232,152
2021,Z,KSST Jihomoravský,U21,47,25
2021,Z,KSST Jihočeský,U21,13,10
2021,Z,KSST Karlovarský,U21,7,6
2021,Z,KSST Kralovéhradecký,U21,24,19
2021,Z,KSST Liberecký,U21,14,8
2021,Z,KSST Olomoucký,U21,9,5
2021,Z,KSST Pardubický,U21,12,10
2021,Z,KSST Plzeňský,U21,10,9
2021,Z,KSST Vysočina,U21,9,5
2021,Z,KSST Zlínský,U21,8,6
2021,Z,KSST Ústecký,U21,14,12
2021,Z,Moravskoslezský SST,U21,35,22
2021,Z,Pražský SST,U21,30,26
2021,Z,Středočeský SST,U21,43,21
2022,M,KSST Jihomoravský,U21,462,107
2022,M,KSST Jihočeský,U21,140,35
2022,M,KSST Karlovarský,U21,43,9
2022,M,KSST Kralovéhradecký,U21,230,67
2022,M,KSST Liberecký,U21,112,32
2022,M,KSST Olomoucký,U21,99,56
2022,M,KSST Pardubický,U21,74,32
2022,M,KSST Plzeňský,U21,123,31
2022,M,KSST Vysočina,U21,205,39
2022,M,KSST Zlínský,U21,256,44
2022,M,KSST Ústecký,U21,94,37
2022,M,Moravskoslezský SST,U21,314,148
2022,M,Pražský SST,U21,140,64
2022,M,Středočeský SST,U21,449,129
2022,Z,KSST Jihomoravský,U21,95,24
2022,Z,KSST Jihočeský,U21,36,10
2022,Z,KSST Karlovarský,U21,12,5
2022,Z,KSST Kralovéhradecký,U21,56,21
2022,Z,KSST Liberecký,U21,31,5
2022,Z,KSST Olomoucký,U21,22,5
2022,Z,KSST Pardubický,U21,19,8
2022,Z,KSST Plzeňský,U21,30,8
2022,Z,KSST Vysočina,U21,25,7
2022,Z,KSST Zlínský,U21,31,4
2022,Z,KSST Ústecký,U21,23,10
2022,Z,Moravskoslezský SST,U21,62,21
2022,Z,Pražský SST,U21,37,22
2022,Z,Středočeský SST,U21,81,18
2023,M,KSST Jihomoravský,U21,467,176
2023,M,KSST Jihočeský,U21,135,86
2023,M,KSST Karlovarský,U21,47,23
2023,M,KSST Kralovéhradecký,U21,252,90
2023,M,KSST Liberecký,U21,118,69
2023,M,KSST Olomoucký,U21,116,66
2023,M,KSST Pardubický,U21,83,40
2023,M,KSST Plzeňský,U21,112,56
2023,M,KSST Vysočina,U21,231,123
2023,M,KSST Zlínský,U21,237,94
2023,M,KSST Ústecký,U21,100,53
2023,M,Moravskoslezský SST,U21,311,180
2023,M,Pražský SST,U21,168,100
2023,M,Středočeský SST,U21,445,184
2023,Z,KSST Jihomoravský,U21,104,28
2023,Z,KSST Jihočeský,U21,30,16
2023,Z,KSST Karlovarský,U21,10,7
2023,Z,KSST Kralovéhradecký,U21,49,21
2023,Z,KSST Liberecký,U21,30,16
2023,Z,KSST Olomoucký,U21,38,13
2023,Z,KSST Pardubický,U21,21,10
2023,Z,KSST Plzeňský,U21,30,15
2023,Z,KSST Vysočina,U21,31,17
2023,Z,KSST Zlínský,U21,21,6
2023,Z,KSST Ústecký,U21,19,14
2023,Z,Moravskoslezský SST,U21,55,33
2023,Z,Pražský SST,U21,32,25
2023,Z,Středočeský SST,U21,106,35
2024,M,KSST Jihomoravský,U21,452,171
2024,M,KSST Jihočeský,U21,132,80
2024,M,KSST Karlovarský,U21,36,26
2024,M,KSST Kralovéhradecký,U21,245,78
2024,M,KSST Liberecký,U21,127,64
2024,M,KSST Olomoucký,U21,155,80
2024,M,KSST Pardubický,U21,98,41
2024,M,KSST Plzeňský,U21,120,68
2024,M,KSST Vysočina,U21,242,129
2024,M,KSST Zlínský,U21,219,81
2024,M,KSST Ústecký,U21,128,60
2024,M,Moravskoslezský SST,U21,321,174
2024,M,Pražský SST,U21,155,106
2024,M,Středočeský SST,U21,466,200
2024,Z,KSST Jihomoravský,U21,101,30
2024,Z,KSST Jihočeský,U21,40,14
2024,Z,KSST Karlovarský,U21,12,6
2024,Z,KSST Kralovéhradecký,U21,54,18
2024,Z,KSST Liberecký,U21,25,17
2024,Z,KSST Olomoucký,U21,38,22
2024,Z,KSST Pardubický,U21,21,9
2024,Z,KSST Plzeňský,U21,33,18
2024,Z,KSST Vysočina,U21,39,18
2024,Z,KSST Zlínský,U21,23,10
2024,Z,KSST Ústecký,U21,25,15
2024,Z,Moravskoslezský SST,U21,61,30
2024,Z,Pražský SST,U21,31,21
2024,Z,Středočeský SST,U21,97,32
2025,M,KSST Jihomoravský,U21,456,160
2025,M,KSST Jihočeský,U21,149,76
2025,M,KSST Karlovarský,U21,31,18
2025,M,KSST Kralovéhradecký,U21,241,93
2025,M,KSST Liberecký,U21,165,76
2025,M,KSST Olomoucký,U21,123,79
2025,M,KSST Pardubický,U21,101,43
2025,M,KSST Plzeňský,U21,126,73
2025,M,KSST Vysočina,U21,248,133
2025,M,KSST Zlínský,U21,210,76
2025,M,KSST Ústecký,U21,129,69
2025,M,Moravskoslezský SST,U21,315,164
2025,M,Pražský SST,U21,149,110
2025,M,Středočeský SST,U21,483,207
2025,Z,KSST Jihomoravský,U21,115,32
2025,Z,KSST Jihočeský,U21,33,18
2025,Z,KSST Karlovarský,U21,15,6
2025,Z,KSST Kralovéhradecký,U21,53,19
2025,Z,KSST Liberecký,U21,33,16
2025,Z,KSST Olomoucký,U21,36,25
2025,Z,KSST Pardubický,U21,24,12
2025,Z,KSST Plzeňský,U21,43,19
2025,Z,KSST Vysočina,U21,37,17
2025,Z,KSST Zlínský,U21,17,7
2025,Z,KSST Ústecký,U21,28,16
2025,Z,Moravskoslezský SST,U21,62,29
2025,Z,Pražský SST,U21,36,30
2025,Z,Středočeský SST,U21,101,32
2026,M,KSST Jihomoravský,U21,436,158
2026,M,KSST Jihočeský,U21,164,79
2026,M,KSST Karlovarský,U21,23,16
2026,M,KSST Kralovéhradecký,U21,238,103
2026,M,KSST Liberecký,U21,181,93
2026,M,KSST Olomoucký,U21,123,81
2026,M,KSST Pardubický,U21,116,44
2026,M,KSST Plzeňský,U21,175,77
2026,M,KSST Vysočina,U21,250,154
2026,M,KSST Zlínský,U21,216,96
2026,M,KSST Ústecký,U21,148,71
2026,M,Moravskoslezský SST,U21,332,174
2026,M,Pražský SST,U21,154,99
2026,M,Středočeský SST,U21,480,220
2026,Z,KSST Jihomoravský,U21,106,37
2026,Z,KSST Jihočeský,U21,40,17
2026,Z,KSST Karlovarský,U21,11,7
2026,Z,KSST Kralovéhradecký,U21,49,26
2026,Z,KSST Liberecký,U21,27,17
2026,Z,KSST Olomoucký,U21,35,22
2026,Z,KSST Pardubický,U21,29,10
2026,Z,KSST Plzeňský,U21,50,22
2026,Z,KSST Vysočina,U21,38,20
2026,Z,KSST Zlínský,U21,25,11
2026,Z,KSST Ústecký,U21,30,15
2026,Z,Moravskoslezský SST,U21,51,33
2026,Z,Pražský SST,U21,43,29
2026,Z,Středočeský SST,U21,102,41
2012,M,,U19,1684,
2012,Z,,U19,336,
2013,M,,U19,1858,1081
2013,Z,,U19,356,228
2014,M,,U19,1969,1198
2014,Z,,U19,385,243
2015,M,,U19,2385,1322
2015,Z,,U19,422,256
2016,M,,U19,2512,1529
2016,Z,,U19,464,269
2017,M,,U19,2574,1535
2017,Z,,U19,471,273
2018,M,,U19,2561,1483
2018,Z,,U19,507,253
2019,M,,U19,2646,1378
2019,Z,,U19,547,247
2020,M,,U19,2732,1270
2020,Z,,U19,601,228
2021,M,,U19,1053,741
2021,Z,,U19,244,156
2022,M,,U19,2339,607
2022,Z,,U19,506,138
2023,M,,U19,2403,973
2023,Z,,U19,520,209
2024,M,,U19,2506,1036
2024,Z,,U19,540,214
2025,M,,U19,2549,1076
2025,Z,,U19,580,235
2026,M,,U19,2628,1130
2026,Z,,U19,587,264
2012,M,KSST Jihomoravský,U19,241,
2012,M,KSST Jihočeský,U19,125,
2012,M,KSST Karlovarský,U19,28,
2012,M,KSST Kralovéhradecký,U19,258,
2012,M,KSST Liberecký,U19,58,
2012,M,KSST Olomoucký,U19,78,
2012,M,KSST Pardubický,U19,162,
2012,M,KSST Plzeňský,U19,100,
2012,M,KSST Vysočina,U19,120,
2012,M,KSST Zlínský,U19,7,
2012,M,KSST Ústecký,U19,8,
2012,M,Moravskoslezský SST,U19,169,
2012,M,Pražský SST,U19,148,
2012,M,Středočeský SST,U19,182,
2012,Z,KSST Jihomoravský,U19,55,
2012,Z,KSST Jihočeský,U19,29,
2012,Z,KSST Karlovarský,U19,7,
2012,Z,KSST Kralovéhradecký,U19,50,
2012,Z,KSST Liberecký,U19,6,
2012,Z,KSST Olomoucký,U19,24,
2012,Z,KSST Pardubický,U19,23,
2012,Z,KSST Plzeňský,U19,31,
2012,Z,KSST Vysočina,U19,6,
2012,Z,KSST Zlínský,U19,1,
2012,Z,KSST Ústecký,U19,5,
2012,Z,Moravskoslezský SST,U19,35,
2012,Z,Pražský SST,U19,29,
2012,Z,Středočeský SST,U19,35,
2013,M,KSST Jihomoravský,U19,319,156
2013,M,KSST Jihočeský,U19,125,86
2013,M,KSST Karlovarský,U19,27,14
2013,M,KSST Kralovéhradecký,U19,261,174
2013,M,KSST Liberecký,U19,54,32
2013,M,KSST Olomoucký,U19,92,45
2013,M,KSST Pardubický,U19,144,103
2013,M,KSST Plzeňský,U19,117,70
2013,M,KSST Vysočina,U19,114,79
2013,M,KSST Zlínský,U19,25,3
2013,M,KSST Ústecký,U19,5,4
2013,M,Moravskoslezský SST,U19,255,119
2013,M,Pražský SST,U19,98,76
2013,M,Středočeský SST,U19,222,120
2013,Z,KSST Jihomoravský,U19,71,41
2013,Z,KSST Jihočeský,U19,26,20
2013,Z,KSST Karlovarský,U19,10,6
2013,Z,KSST Kralovéhradecký,U19,45,34
2013,Z,KSST Liberecký,U19,7,4
2013,Z,KSST Olomoucký,U19,12,6
2013,Z,KSST Pardubický,U19,24,13
2013,Z,KSST Plzeňský,U19,24,20
2013,Z,KSST Vysočina,U19,13,6
2013,Z,KSST Zlínský,U19,5,2
2013,Z,KSST Ústecký,U19,4,3
2013,Z,Moravskoslezský SST,U19,40,26
2013,Z,Pražský SST,U19,32,22
2013,Z,Středočeský SST,U19,43,25
2014,M,KSST Jihomoravský,U19,398,216
2014,M,KSST Jihočeský,U19,124,88
2014,M,KSST Karlovarský,U19,43,18
2014,M,KSST Kralovéhradecký,U19,234,135
2014,M,KSST Liberecký,U19,73,36
2014,M,KSST Olomoucký,U19,80,56
2014,M,KSST Pardubický,U19,150,93
2014,M,KSST Plzeňský,U19,119,81
2014,M,KSST Vysočina,U19,106,74
2014,M,KSST Zlínský,U19,25,15
2014,M,KSST Ústecký,U19,33,2
2014,M,Moravskoslezský SST,U19,256,176
2014,M,Pražský SST,U19,108,67
2014,M,Středočeský SST,U19,220,141
2014,Z,KSST Jihomoravský,U19,83,50
2014,Z,KSST Jihočeský,U19,25,17
2014,Z,KSST Karlovarský,U19,14,7
2014,Z,KSST Kralovéhradecký,U19,50,29
2014,Z,KSST Liberecký,U19,9,4
2014,Z,KSST Olomoucký,U19,8,3
2014,Z,KSST Pardubický,U19,24,15
2014,Z,KSST Plzeňský,U19,33,18
2014,Z,KSST Vysočina,U19,12,10
2014,Z,KSST Zlínský,U19,5,3
2014,Z,KSST Ústecký,U19,11,2
2014,Z,Moravskoslezský SST,U19,41,27
2014,Z,Pražský SST,U19,33,26
2014,Z,Středočeský SST,U19,37,32
2015,M,KSST Jihomoravský,U19,374,251
2015,M,KSST Jihočeský,U19,117,84
2015,M,KSST Karlovarský,U19,35,26
2015,M,KSST Kralovéhradecký,U19,235,128
2015,M,KSST Liberecký,U19,114,53
2015,M,KSST Olomoucký,U19,86,61
2015,M,KSST Pardubický,U19,140,103
2015,M,KSST Plzeňský,U19,118,84
2015,M,KSST Vysočina,U19,217,82
2015,M,KSST Zlínský,U19,89,17
2015,M,KSST Ústecký,U19,107,19
2015,M,Moravskoslezský SST,U19,343,201
2015,M,Pražský SST,U19,111,82
2015,M,Středočeský SST,U19,299,131
2015,Z,KSST Jihomoravský,U19,64,45
2015,Z,KSST Jihočeský,U19,26,16
2015,Z,KSST Karlovarský,U19,13,9
2015,Z,KSST Kralovéhradecký,U19,52,35
2015,Z,KSST Liberecký,U19,17,6
2015,Z,KSST Olomoucký,U19,11,5
2015,Z,KSST Pardubický,U19,28,14
2015,Z,KSST Plzeňský,U19,25,20
2015,Z,KSST Vysočina,U19,18,8
2015,Z,KSST Zlínský,U19,14,6
2015,Z,KSST Ústecký,U19,19,7
2015,Z,Moravskoslezský SST,U19,55,30
2015,Z,Pražský SST,U19,30,23
2015,Z,Středočeský SST,U19,50,32
2016,M,KSST Jihomoravský,U19,413,232
2016,M,KSST Jihočeský,U19,152,82
2016,M,KSST Karlovarský,U19,40,26
2016,M,KSST Kralovéhradecký,U19,264,134
2016,M,KSST Liberecký,U19,91,66
2016,M,KSST Olomoucký,U19,88,54
2016,M,KSST Pardubický,U19,147,89
2016,M,KSST Plzeňský,U19,120,82
2016,M,KSST Vysočina,U19,199,148
2016,M,KSST Zlínský,U19,154,67
2016,M,KSST Ústecký,U19,124,69
2016,M,Moravskoslezský SST,U19,312,218
2016,M,Pražský SST,U19,115,86
2016,M,Středočeský SST,U19,293,176
2016,Z,KSST Jihomoravský,U19,65,42
2016,Z,KSST Jihočeský,U19,34,15
2016,Z,KSST Karlovarský,U19,30,12
2016,Z,KSST Kralovéhradecký,U19,56,32
2016,Z,KSST Liberecký,U19,22,6
2016,Z,KSST Olomoucký,U19,14,6
2016,Z,KSST Pardubický,U19,31,15
2016,Z,KSST Plzeňský,U19,26,18
2016,Z,KSST Vysočina,U19,19,10
2016,Z,KSST Zlínský,U19,19,12
2016,Z,KSST Ústecký,U19,20,14
2016,Z,Moravskoslezský SST,U19,45,30
2016,Z,Pražský SST,U19,34,22
2016,Z,Středočeský SST,U19,49,35
2017,M,KSST Jihomoravský,U19,382,244
2017,M,KSST Jihočeský,U19,137,88
2017,M,KSST Karlovarský,U19,40,28
2017,M,KSST Kralovéhradecký,U19,232,128
2017,M,KSST Liberecký,U19,100,58
2017,M,KSST Olomoucký,U19,102,65
2017,M,KSST Pardubický,U19,113,74
2017,M,KSST Plzeňský,U19,140,78
2017,M,KSST Vysočina,U19,188,136
2017,M,KSST Zlínský,U19,250,99
2017,M,KSST Ústecký,U19,109,78
2017,M,Moravskoslezský SST,U19,338,205
2017,M,Pražský SST,U19,115,80
2017,M,Středočeský SST,U19,328,174
2017,Z,KSST Jihomoravský,U19,72,41
2017,Z,KSST Jihočeský,U19,29,17
2017,Z,KSST Karlovarský,U19,21,17
2017,Z,KSST Kralovéhradecký,U19,58,33
2017,Z,KSST Liberecký,U19,27,11
2017,Z,KSST Olomoucký,U19,10,6
2017,Z,KSST Pardubický,U19,34,18
2017,Z,KSST Plzeňský,U19,25,11
2017,Z,KSST Vysočina,U19,19,8
2017,Z,KSST Zlínský,U19,24,14
2017,Z,KSST Ústecký,U19,14,12
2017,Z,Moravskoslezský SST,U19,46,27
2017,Z,Pražský SST,U19,32,26
2017,Z,Středočeský SST,U19,60,32
2018,M,KSST Jihomoravský,U19,398,210
2018,M,KSST Jihočeský,U19,121,81
2018,M,KSST Karlovarský,U19,46,24
2018,M,KSST Kralovéhradecký,U19,208,103
2018,M,KSST Liberecký,U19,98,68
2018,M,KSST Olomoucký,U19,87,62
2018,M,KSST Pardubický,U19,113,55
2018,M,KSST Plzeňský,U19,133,88
2018,M,KSST Vysočina,U19,186,120
2018,M,KSST Zlínský,U19,268,155
2018,M,KSST Ústecký,U19,116,64
2018,M,Moravskoslezský SST,U19,330,201
2018,M,Pražský SST,U19,122,85
2018,M,Středočeský SST,U19,335,167
2018,Z,KSST Jihomoravský,U19,79,33
2018,Z,KSST Jihočeský,U19,26,15
2018,Z,KSST Karlovarský,U19,27,15
2018,Z,KSST Kralovéhradecký,U19,56,24
2018,Z,KSST Liberecký,U19,32,14
2018,Z,KSST Olomoucký,U19,11,5
2018,Z,KSST Pardubický,U19,30,13
2018,Z,KSST Plzeňský,U19,23,18
2018,Z,KSST Vysočina,U19,23,10
2018,Z,KSST Zlínský,U19,31,16
2018,Z,KSST Ústecký,U19,15,7
2018,Z,Moravskoslezský SST,U19,59,28
2018,Z,Pražský SST,U19,34,26
2018,Z,Středočeský SST,U19,61,29
2019,M,KSST Jihomoravský,U19,424,208
2019,M,KSST Jihočeský,U19,137,76
2019,M,KSST Karlovarský,U19,40,25
2019,M,KSST Kralovéhradecký,U19,210,86
2019,M,KSST Liberecký,U19,103,56
2019,M,KSST Olomoucký,U19,90,47
2019,M,KSST Pardubický,U19,110,58
2019,M,KSST Plzeňský,U19,122,70
2019,M,KSST Vysočina,U19,179,109
2019,M,KSST Zlínský,U19,277,141
2019,M,KSST Ústecký,U19,120,60
2019,M,Moravskoslezský SST,U19,334,191
2019,M,Pražský SST,U19,120,86
2019,M,Středočeský SST,U19,380,165
2019,Z,KSST Jihomoravský,U19,93,31
2019,Z,KSST Jihočeský,U19,31,19
2019,Z,KSST Karlovarský,U19,21,14
2019,Z,KSST Kralovéhradecký,U19,63,24
2019,Z,KSST Liberecký,U19,34,17
2019,Z,KSST Olomoucký,U19,11,5
2019,Z,KSST Pardubický,U19,28,12
2019,Z,KSST Plzeňský,U19,24,16
2019,Z,KSST Vysočina,U19,15,6
2019,Z,KSST Zlínský,U19,31,16
2019,Z,KSST Ústecký,U19,24,7
2019,Z,Moravskoslezský SST,U19,61,24
2019,Z,Pražský SST,U19,32,27
2019,Z,Středočeský SST,U19,79,29
2020,M,KSST Jihomoravský,U19,440,179
2020,M,KSST Jihočeský,U19,127,72
2020,M,KSST Karlovarský,U19,35,20
2020,M,KSST Kralovéhradecký,U19,230,77
2020,M,KSST Liberecký,U19,120,59
2020,M,KSST Olomoucký,U19,112,58
2020,M,KSST Pardubický,U19,113,52
2020,M,KSST Plzeňský,U19,119,56
2020,M,KSST Vysočina,U19,190,105
2020,M,KSST Zlínský,U19,286,118
2020,M,KSST Ústecký,U19,103,61
2020,M,Moravskoslezský SST,U19,320,178
2020,M,Pražský SST,U19,113,80
2020,M,Středočeský SST,U19,424,155
2020,Z,KSST Jihomoravský,U19,91,20
2020,Z,KSST Jihočeský,U19,42,18
2020,Z,KSST Karlovarský,U19,18,13
2020,Z,KSST Kralovéhradecký,U19,61,19
2020,Z,KSST Liberecký,U19,38,17
2020,Z,KSST Olomoucký,U19,17,5
2020,Z,KSST Pardubický,U19,28,11
2020,Z,KSST Plzeňský,U19,35,12
2020,Z,KSST Vysočina,U19,19,10
2020,Z,KSST Zlínský,U19,33,10
2020,Z,KSST Ústecký,U19,23,12
2020,Z,Moravskoslezský SST,U19,66,26
2020,Z,Pražský SST,U19,35,24
2020,Z,Středočeský SST,U19,95,31
2021,M,KSST Jihomoravský,U19,179,93
2021,M,KSST Jihočeský,U19,43,33
2021,M,KSST Karlovarský,U19,16,13
2021,M,KSST Kralovéhradecký,U19,86,64
2021,M,KSST Liberecký,U19,43,33
2021,M,KSST Olomoucký,U19,47,40
2021,M,KSST Pardubický,U19,41,24
2021,M,KSST Plzeňský,U19,27,27
2021,M,KSST Vysočina,U19,45,34
2021,M,KSST Zlínský,U19,49,40
2021,M,KSST Ústecký,U19,50,39
2021,M,Moravskoslezský SST,U19,171,135
2021,M,Pražský SST,U19,70,55
2021,M,Středočeský SST,U19,186,111
2021,Z,KSST Jihomoravský,U19,42,20
2021,Z,KSST Jihočeský,U19,10,7
2021,Z,KSST Karlovarský,U19,7,6
2021,Z,KSST Kralovéhradecký,U19,21,17
2021,Z,KSST Liberecký,U19,11,6
2021,Z,KSST Olomoucký,U19,7,4
2021,Z,KSST Pardubický,U19,12,10
2021,Z,KSST Plzeňský,U19,9,8
2021,Z,KSST Vysočina,U19,9,5
2021,Z,KSST Zlínský,U19,8,6
2021,Z,KSST Ústecký,U19,14,12
2021,Z,Moravskoslezský SST,U19,32,19
2021,Z,Pražský SST,U19,24,20
2021,Z,Středočeský SST,U19,38,16
2022,M,KSST Jihomoravský,U19,399,72
2022,M,KSST Jihočeský,U19,121,25
2022,M,KSST Karlovarský,U19,42,9
2022,M,KSST Kralovéhradecký,U19,199,48
2022,M,KSST Liberecký,U19,98,24
2022,M,KSST Olomoucký,U19,73,39
2022,M,KSST Pardubický,U19,60,23
2022,M,KSST Plzeňský,U19,111,24
2022,M,KSST Vysočina,U19,167,32
2022,M,KSST Zlínský,U19,224,30
2022,M,KSST Ústecký,U19,83,30
2022,M,Moravskoslezský SST,U19,268,114
2022,M,Pražský SST,U19,113,47
2022,M,Středočeský SST,U19,381,90
2022,Z,KSST Jihomoravský,U19,89,22
2022,Z,KSST Jihočeský,U19,31,8
2022,Z,KSST Karlovarský,U19,10,5
2022,Z,KSST Kralovéhradecký,U19,52,19
2022,Z,KSST Liberecký,U19,29,4
2022,Z,KSST Olomoucký,U19,19,4
2022,Z,KSST Pardubický,U19,17,6
2022,Z,KSST Plzeňský,U19,27,7
2022,Z,KSST Vysočina,U19,23,5
2022,Z,KSST Zlínský,U19,28,2
2022,Z,KSST Ústecký,U19,21,8
2022,Z,Moravskoslezský SST,U19,56,17
2022,Z,Pražský SST,U19,29,16
2022,Z,Středočeský SST,U19,75,15
2023,M,KSST Jihomoravský,U19,405,124
2023,M,KSST Jihočeský,U19,100,54
2023,M,KSST Karlovarský,U19,44,21
2023,M,KSST Kralovéhradecký,U19,224,64
2023,M,KSST Liberecký,U19,97,52
2023,M,KSST Olomoucký,U19,100,50
2023,M,KSST Pardubický,U19,69,29
2023,M,KSST Plzeňský,U19,99,44
2023,M,KSST Vysočina,U19,186,83
2023,M,KSST Zlínský,U19,204,64
2023,M,KSST Ústecký,U19,85,41
2023,M,Moravskoslezský SST,U19,265,136
2023,M,Pražský SST,U19,136,74
2023,M,Středočeský SST,U19,389,137
2023,Z,KSST Jihomoravský,U19,98,23
2023,Z,KSST Jihočeský,U19,26,12
2023,Z,KSST Karlovarský,U19,8,5
2023,Z,KSST Kralovéhradecký,U19,44,16
2023,Z,KSST Liberecký,U19,28,15
2023,Z,KSST Olomoucký,U19,34,11
2023,Z,KSST Pardubický,U19,19,8
2023,Z,KSST Plzeňský,U19,25,10
2023,Z,KSST Vysočina,U19,26,14
2023,Z,KSST Zlínský,U19,20,5
2023,Z,KSST Ústecký,U19,16,12
2023,Z,Moravskoslezský SST,U19,49,28
2023,Z,Pražský SST,U19,28,21
2023,Z,Středočeský SST,U19,99,29
2024,M,KSST Jihomoravský,U19,385,119
2024,M,KSST Jihočeský,U19,103,54
2024,M,KSST Karlovarský,U19,32,22
2024,M,KSST Kralovéhradecký,U19,227,62
2024,M,KSST Liberecký,U19,110,51
2024,M,KSST Olomoucký,U19,133,61
2024,M,KSST Pardubický,U19,86,33
2024,M,KSST Plzeňský,U19,105,54
2024,M,KSST Vysočina,U19,201,95
2024,M,KSST Zlínský,U19,195,61
2024,M,KSST Ústecký,U19,111,49
2024,M,Moravskoslezský SST,U19,273,132
2024,M,Pražský SST,U19,131,84
2024,M,Středočeský SST,U19,414,159
2024,Z,KSST Jihomoravský,U19,90,24
2024,Z,KSST Jihočeský,U19,37,13
2024,Z,KSST Karlovarský,U19,11,5
2024,Z,KSST Kralovéhradecký,U19,49,14
2024,Z,KSST Liberecký,U19,22,14
2024,Z,KSST Olomoucký,U19,35,19
2024,Z,KSST Pardubický,U19,19,7
2024,Z,KSST Plzeňský,U19,28,13
2024,Z,KSST Vysočina,U19,34,15
2024,Z,KSST Zlínský,U19,22,9
2024,Z,KSST Ústecký,U19,21,13
2024,Z,Moravskoslezský SST,U19,55,24
2024,Z,Pražský SST,U19,29,19
2024,Z,Středočeský SST,U19,88,25
2025,M,KSST Jihomoravský,U19,398,121
2025,M,KSST Jihočeský,U19,125,55
2025,M,KSST Karlovarský,U19,27,14
2025,M,KSST Kralovéhradecký,U19,223,76
2025,M,KSST Liberecký,U19,140,56
2025,M,KSST Olomoucký,U19,108,67
2025,M,KSST Pardubický,U19,88,33
2025,M,KSST Plzeňský,U19,113,62
2025,M,KSST Vysočina,U19,208,103
2025,M,KSST Zlínský,U19,181,57
2025,M,KSST Ústecký,U19,118,58
2025,M,Moravskoslezský SST,U19,275,128
2025,M,Pražský SST,U19,118,84
2025,M,Středočeský SST,U19,427,162
2025,Z,KSST Jihomoravský,U19,106,24
2025,Z,KSST Jihočeský,U19,31,16
2025,Z,KSST Karlovarský,U19,14,5
2025,Z,KSST Kralovéhradecký,U19,51,17
2025,Z,KSST Liberecký,U19,31,14
2025,Z,KSST Olomoucký,U19,34,23
2025,Z,KSST Pardubický,U19,17,7
2025,Z,KSST Plzeňský,U19,41,17
2025,Z,KSST Vysočina,U19,33,14
2025,Z,KSST Zlínský,U19,17,7
2025,Z,KSST Ústecký,U19,27,15
2025,Z,Moravskoslezský SST,U19,55,25
2025,Z,Pražský SST,U19,32,26
2025,Z,Středočeský SST,U19,91,25
2026,M,KSST Jihomoravský,U19,387,123
2026,M,KSST Jihočeský,U19,147,64
2026,M,KSST Karlovarský,U19,19,12
2026,M,KSST Kralovéhradecký,U19,212,79
2026,M,KSST Liberecký,U19,159,72
2026,M,KSST Olomoucký,U19,107,68
2026,M,KSST Pardubický,U19,104,33
2026,M,KSST Plzeňský,U19,161,63
2026,M,KSST Vysočina,U19,212,124
2026,M,KSST Zlínský,U19,179,65
2026,M,KSST Ústecký,U19,136,62
2026,M,Moravskoslezský SST,U19,284,130
2026,M,Pražský SST,U19,124,71
2026,M,Středočeský SST,U19,397,164
2026,Z,KSST Jihomoravský,U19,99,32
2026,Z,KSST Jihočeský,U19,37,15
2026,Z,KSST Karlovarský,U19,11,7
2026,Z,KSST Kralovéhradecký,U19,45,22
2026,Z,KSST Liberecký,U19,23,13
2026,Z,KSST Olomoucký,U19,33,20
2026,Z,KSST Pardubický,U19,26,7
2026,Z,KSST Plzeňský,U19,48,20
2026,Z,KSST Vysočina,U19,34,16
2026,Z,KSST Zlínský,U19,24,11
2026,Z,KSST Ústecký,U19,27,12
2026,Z,Moravskoslezský SST,U19,48,31
2026,Z,Pražský SST,U19,40,26
2026,Z,Středočeský SST,U19,92,32
2012,M,,U17,1285,
2012,Z,,U17,266,
2013,M,,U17,1453,775
2013,Z,,U17,295,178
2014,M,,U17,1587,894
2014,Z,,U17,319,193
2015,M,,U17,1923,984
2015,Z,,U17,350,200
2016,M,,U17,2004,1092
2016,Z,,U17,387,203
2017,M,,U17,2044,1088
2017,Z,,U17,401,208
2018,M,,U17,2065,1061
2018,Z,,U17,438,195
2019,M,,U17,2156,964
2019,Z,,U17,473,191
2020,M,,U17,2232,866
2020,Z,,U17,518,165
2021,M,,U17,788,496
2021,Z,,U17,188,107
2022,M,,U17,1782,368
2022,Z,,U17,406,86
2023,M,,U17,1910,617
2023,Z,,U17,425,138
2024,M,,U17,2008,666
2024,Z,,U17,470,155
2025,M,,U17,2061,701
2025,Z,,U17,498,172
2026,M,,U17,2110,753
2026,Z,,U17,483,191
2012,M,KSST Jihomoravský,U17,185,
2012,M,KSST Jihočeský,U17,99,
2012,M,KSST Karlovarský,U17,16,
2012,M,KSST Kralovéhradecký,U17,209,
2012,M,KSST Liberecký,U17,37,
2012,M,KSST Olomoucký,U17,49,
2012,M,KSST Pardubický,U17,125,
2012,M,KSST Plzeňský,U17,87,
2012,M,KSST Vysočina,U17,78,
2012,M,KSST Zlínský,U17,3,
2012,M,KSST Ústecký,U17,5,
2012,M,Moravskoslezský SST,U17,135,
2012,M,Pražský SST,U17,125,
2012,M,Středočeský SST,U17,132,
2012,Z,KSST Jihomoravský,U17,43,
2012,Z,KSST Jihočeský,U17,27,
2012,Z,KSST Karlovarský,U17,6,
2012,Z,KSST Kralovéhradecký,U17,39,
2012,Z,KSST Liberecký,U17,3,
2012,Z,KSST Olomoucký,U17,16,
2012,Z,KSST Pardubický,U17,15,
2012,Z,KSST Plzeňský,U17,24,
2012,Z,KSST Vysočina,U17,6,
2012,Z,KSST Zlínský,U17,1,
2012,Z,KSST Ústecký,U17,3,
2012,Z,Moravskoslezský SST,U17,29,
2012,Z,Pražský SST,U17,27,
2012,Z,Středočeský SST,U17,27,
2013,M,KSST Jihomoravský,U17,250,113
2013,M,KSST Jihočeský,U17,101,64
2013,M,KSST Karlovarský,U17,19,6
2013,M,KSST Kralovéhradecký,U17,213,133
2013,M,KSST Liberecký,U17,43,23
2013,M,KSST Olomoucký,U17,66,27
2013,M,KSST Pardubický,U17,99,70
2013,M,KSST Plzeňský,U17,96,53
2013,M,KSST Vysočina,U17,84,53
2013,M,KSST Zlínský,U17,18,2
2013,M,KSST Ústecký,U17,1,1
2013,M,Moravskoslezský SST,U17,216,92
2013,M,Pražský SST,U17,75,56
2013,M,Středočeský SST,U17,172,82
2013,Z,KSST Jihomoravský,U17,61,33
2013,Z,KSST Jihočeský,U17,22,16
2013,Z,KSST Karlovarský,U17,10,6
2013,Z,KSST Kralovéhradecký,U17,39,29
2013,Z,KSST Liberecký,U17,2,1
2013,Z,KSST Olomoucký,U17,9,4
2013,Z,KSST Pardubický,U17,16,5
2013,Z,KSST Plzeňský,U17,23,19
2013,Z,KSST Vysočina,U17,13,6
2013,Z,KSST Zlínský,U17,3,1
2013,Z,KSST Ústecký,U17,3,2
2013,Z,Moravskoslezský SST,U17,30,19
2013,Z,Pražský SST,U17,28,19
2013,Z,Středočeský SST,U17,36,18
2014,M,KSST Jihomoravský,U17,323,162
2014,M,KSST Jihočeský,U17,99,69
2014,M,KSST Karlovarský,U17,40,16
2014,M,KSST Kralovéhradecký,U17,195,104
2014,M,KSST Liberecký,U17,60,25
2014,M,KSST Olomoucký,U17,61,38
2014,M,KSST Pardubický,U17,113,63
2014,M,KSST Plzeňský,U17,95,61
2014,M,KSST Vysočina,U17,81,50
2014,M,KSST Zlínský,U17,17,9
2014,M,KSST Ústecký,U17,28,1
2014,M,Moravskoslezský SST,U17,212,140
2014,M,Pražský SST,U17,87,50
2014,M,Středočeský SST,U17,176,106
2014,Z,KSST Jihomoravský,U17,70,43
2014,Z,KSST Jihočeský,U17,19,11
2014,Z,KSST Karlovarský,U17,14,7
2014,Z,KSST Kralovéhradecký,U17,41,22
2014,Z,KSST Liberecký,U17,8,3
2014,Z,KSST Olomoucký,U17,8,3
2014,Z,KSST Pardubický,U17,18,11
2014,Z,KSST Plzeňský,U17,31,17
2014,Z,KSST Vysočina,U17,11,9
2014,Z,KSST Zlínský,U17,4,2
2014,Z,KSST Ústecký,U17,9,
2014,Z,Moravskoslezský SST,U17,31,18
2014,Z,Pražský SST,U17,24,21
2014,Z,Středočeský SST,U17,31,26
2015,M,KSST Jihomoravský,U17,312,199
2015,M,KSST Jihočeský,U17,88,57
2015,M,KSST Karlovarský,U17,29,22
2015,M,KSST Kralovéhradecký,U17,202,97
2015,M,KSST Liberecký,U17,93,38
2015,M,KSST Olomoucký,U17,67,45
2015,M,KSST Pardubický,U17,111,75
2015,M,KSST Plzeňský,U17,91,60
2015,M,KSST Vysočina,U17,158,50
2015,M,KSST Zlínský,U17,67,10
2015,M,KSST Ústecký,U17,86,17
2015,M,Moravskoslezský SST,U17,289,156
2015,M,Pražský SST,U17,86,60
2015,M,Středočeský SST,U17,244,98
2015,Z,KSST Jihomoravský,U17,49,34
2015,Z,KSST Jihočeský,U17,21,11
2015,Z,KSST Karlovarský,U17,13,9
2015,Z,KSST Kralovéhradecký,U17,42,25
2015,Z,KSST Liberecký,U17,16,5
2015,Z,KSST Olomoucký,U17,10,4
2015,Z,KSST Pardubický,U17,25,11
2015,Z,KSST Plzeňský,U17,21,16
2015,Z,KSST Vysočina,U17,12,6
2015,Z,KSST Zlínský,U17,11,5
2015,Z,KSST Ústecký,U17,15,4
2015,Z,Moravskoslezský SST,U17,47,25
2015,Z,Pražský SST,U17,25,18
2015,Z,Středočeský SST,U17,43,27
2016,M,KSST Jihomoravský,U17,342,170
2016,M,KSST Jihočeský,U17,114,48
2016,M,KSST Karlovarský,U17,31,19
2016,M,KSST Kralovéhradecký,U17,224,100
2016,M,KSST Liberecký,U17,73,50
2016,M,KSST Olomoucký,U17,66,35
2016,M,KSST Pardubický,U17,113,61
2016,M,KSST Plzeňský,U17,96,61
2016,M,KSST Vysočina,U17,137,93
2016,M,KSST Zlínský,U17,121,43
2016,M,KSST Ústecký,U17,99,48
2016,M,Moravskoslezský SST,U17,262,170
2016,M,Pražský SST,U17,91,64
2016,M,Středočeský SST,U17,235,130
2016,Z,KSST Jihomoravský,U17,49,30
2016,Z,KSST Jihočeský,U17,30,11
2016,Z,KSST Karlovarský,U17,26,10
2016,Z,KSST Kralovéhradecký,U17,50,26
2016,Z,KSST Liberecký,U17,21,5
2016,Z,KSST Olomoucký,U17,9,4
2016,Z,KSST Pardubický,U17,28,12
2016,Z,KSST Plzeňský,U17,24,16
2016,Z,KSST Vysočina,U17,15,6
2016,Z,KSST Zlínský,U17,17,10
2016,Z,KSST Ústecký,U17,16,11
2016,Z,Moravskoslezský SST,U17,37,22
2016,Z,Pražský SST,U17,28,16
2016,Z,Středočeský SST,U17,37,24
2017,M,KSST Jihomoravský,U17,304,176
2017,M,KSST Jihočeský,U17,107,62
2017,M,KSST Karlovarský,U17,28,16
2017,M,KSST Kralovéhradecký,U17,201,101
2017,M,KSST Liberecký,U17,84,43
2017,M,KSST Olomoucký,U17,67,40
2017,M,KSST Pardubický,U17,87,48
2017,M,KSST Plzeňský,U17,107,55
2017,M,KSST Vysočina,U17,125,82
2017,M,KSST Zlínský,U17,215,79
2017,M,KSST Ústecký,U17,85,56
2017,M,Moravskoslezský SST,U17,279,147
2017,M,Pražský SST,U17,88,58
2017,M,Středočeský SST,U17,267,125
2017,Z,KSST Jihomoravský,U17,57,28
2017,Z,KSST Jihočeský,U17,25,13
2017,Z,KSST Karlovarský,U17,19,15
2017,Z,KSST Kralovéhradecký,U17,52,27
2017,Z,KSST Liberecký,U17,26,10
2017,Z,KSST Olomoucký,U17,8,5
2017,Z,KSST Pardubický,U17,31,15
2017,Z,KSST Plzeňský,U17,23,9
2017,Z,KSST Vysočina,U17,15,4
2017,Z,KSST Zlínský,U17,19,10
2017,Z,KSST Ústecký,U17,10,8
2017,Z,Moravskoslezský SST,U17,39,20
2017,Z,Pražský SST,U17,26,20
2017,Z,Středočeský SST,U17,51,24
2018,M,KSST Jihomoravský,U17,334,151
2018,M,KSST Jihočeský,U17,86,52
2018,M,KSST Karlovarský,U17,33,12
2018,M,KSST Kralovéhradecký,U17,179,78
2018,M,KSST Liberecký,U17,75,48
2018,M,KSST Olomoucký,U17,61,38
2018,M,KSST Pardubický,U17,95,43
2018,M,KSST Plzeňský,U17,101,58
2018,M,KSST Vysočina,U17,138,80
2018,M,KSST Zlínský,U17,222,117
2018,M,KSST Ústecký,U17,93,48
2018,M,Moravskoslezský SST,U17,283,157
2018,M,Pražský SST,U17,93,58
2018,M,Středočeský SST,U17,272,121
2018,Z,KSST Jihomoravský,U17,67,23
2018,Z,KSST Jihočeský,U17,24,13
2018,Z,KSST Karlovarský,U17,24,12
2018,Z,KSST Kralovéhradecký,U17,51,20
2018,Z,KSST Liberecký,U17,28,11
2018,Z,KSST Olomoucký,U17,9,3
2018,Z,KSST Pardubický,U17,27,10
2018,Z,KSST Plzeňský,U17,21,17
2018,Z,KSST Vysočina,U17,19,6
2018,Z,KSST Zlínský,U17,24,9
2018,Z,KSST Ústecký,U17,13,5
2018,Z,Moravskoslezský SST,U17,49,21
2018,Z,Pražský SST,U17,28,21
2018,Z,Středočeský SST,U17,54,24
2019,M,KSST Jihomoravský,U17,351,143
2019,M,KSST Jihočeský,U17,103,47
2019,M,KSST Karlovarský,U17,32,19
2019,M,KSST Kralovéhradecký,U17,186,66
2019,M,KSST Liberecký,U17,82,37
2019,M,KSST Olomoucký,U17,66,27
2019,M,KSST Pardubický,U17,96,46
2019,M,KSST Plzeňský,U17,101,52
2019,M,KSST Vysočina,U17,143,76
2019,M,KSST Zlínský,U17,232,100
2019,M,KSST Ústecký,U17,96,43
2019,M,Moravskoslezský SST,U17,278,144
2019,M,Pražský SST,U17,92,60
2019,M,Středočeský SST,U17,298,104
2019,Z,KSST Jihomoravský,U17,83,23
2019,Z,KSST Jihočeský,U17,27,15
2019,Z,KSST Karlovarský,U17,18,11
2019,Z,KSST Kralovéhradecký,U17,57,19
2019,Z,KSST Liberecký,U17,28,12
2019,Z,KSST Olomoucký,U17,10,4
2019,Z,KSST Pardubický,U17,22,9
2019,Z,KSST Plzeňský,U17,23,15
2019,Z,KSST Vysočina,U17,13,5
2019,Z,KSST Zlínský,U17,26,13
2019,Z,KSST Ústecký,U17,24,7
2019,Z,Moravskoslezský SST,U17,52,17
2019,Z,Pražský SST,U17,25,21
2019,Z,Středočeský SST,U17,65,20
2020,M,KSST Jihomoravský,U17,366,123
2020,M,KSST Jihočeský,U17,104,51
2020,M,KSST Karlovarský,U17,33,18
2020,M,KSST Kralovéhradecký,U17,194,49
2020,M,KSST Liberecký,U17,102,43
2020,M,KSST Olomoucký,U17,83,35
2020,M,KSST Pardubický,U17,96,38
2020,M,KSST Plzeňský,U17,101,43
2020,M,KSST Vysočina,U17,139,67
2020,M,KSST Zlínský,U17,244,80
2020,M,KSST Ústecký,U17,86,45
2020,M,Moravskoslezský SST,U17,260,124
2020,M,Pražský SST,U17,83,52
2020,M,Středočeský SST,U17,341,98
2020,Z,KSST Jihomoravský,U17,83,17
2020,Z,KSST Jihočeský,U17,34,10
2020,Z,KSST Karlovarský,U17,15,10
2020,Z,KSST Kralovéhradecký,U17,54,13
2020,Z,KSST Liberecký,U17,33,12
2020,Z,KSST Olomoucký,U17,14,5
2020,Z,KSST Pardubický,U17,24,7
2020,Z,KSST Plzeňský,U17,32,9
2020,Z,KSST Vysočina,U17,17,9
2020,Z,KSST Zlínský,U17,28,7
2020,Z,KSST Ústecký,U17,22,11
2020,Z,Moravskoslezský SST,U17,55,18
2020,Z,Pražský SST,U17,25,15
2020,Z,Středočeský SST,U17,82,22
2021,M,KSST Jihomoravský,U17,145,64
2021,M,KSST Jihočeský,U17,28,18
2021,M,KSST Karlovarský,U17,11,8
2021,M,KSST Kralovéhradecký,U17,60,40
2021,M,KSST Liberecký,U17,32,24
2021,M,KSST Olomoucký,U17,31,25
2021,M,KSST Pardubický,U17,30,15
2021,M,KSST Plzeňský,U17,19,19
2021,M,KSST Vysočina,U17,33,22
2021,M,KSST Zlínský,U17,35,26
2021,M,KSST Ústecký,U17,39,29
2021,M,Moravskoslezský SST,U17,130,96
2021,M,Pražský SST,U17,48,35
2021,M,Středočeský SST,U17,147,75
2021,Z,KSST Jihomoravský,U17,33,13
2021,Z,KSST Jihočeský,U17,8,5
2021,Z,KSST Karlovarský,U17,5,4
2021,Z,KSST Kralovéhradecký,U17,18,15
2021,Z,KSST Liberecký,U17,9,4
2021,Z,KSST Olomoucký,U17,4,2
2021,Z,KSST Pardubický,U17,8,6
2021,Z,KSST Plzeňský,U17,6,5
2021,Z,KSST Vysočina,U17,9,5
2021,Z,KSST Zlínský,U17,5,3
2021,Z,KSST Ústecký,U17,9,7
2021,Z,Moravskoslezský SST,U17,26,14
2021,Z,Pražský SST,U17,16,13
2021,Z,Středočeský SST,U17,32,11
2022,M,KSST Jihomoravský,U17,314,47
2022,M,KSST Jihočeský,U17,81,12
2022,M,KSST Karlovarský,U17,31,6
2022,M,KSST Kralovéhradecký,U17,174,33
2022,M,KSST Liberecký,U17,72,17
2022,M,KSST Olomoucký,U17,52,21
2022,M,KSST Pardubický,U17,46,17
2022,M,KSST Plzeňský,U17,82,13
2022,M,KSST Vysočina,U17,103,13
2022,M,KSST Zlínský,U17,180,17
2022,M,KSST Ústecký,U17,59,16
2022,M,Moravskoslezský SST,U17,204,72
2022,M,Pražský SST,U17,81,32
2022,M,Středočeský SST,U17,303,52
2022,Z,KSST Jihomoravský,U17,74,11
2022,Z,KSST Jihočeský,U17,26,6
2022,Z,KSST Karlovarský,U17,9,4
2022,Z,KSST Kralovéhradecký,U17,39,13
2022,Z,KSST Liberecký,U17,23,3
2022,Z,KSST Olomoucký,U17,15,2
2022,Z,KSST Pardubický,U17,13,3
2022,Z,KSST Plzeňský,U17,21,4
2022,Z,KSST Vysočina,U17,18,4
2022,Z,KSST Zlínský,U17,27,1
2022,Z,KSST Ústecký,U17,14,3
2022,Z,Moravskoslezský SST,U17,42,10
2022,Z,Pražský SST,U17,23,11
2022,Z,Středočeský SST,U17,62,11
2023,M,KSST Jihomoravský,U17,340,80
2023,M,KSST Jihočeský,U17,71,33
2023,M,KSST Karlovarský,U17,39,18
2023,M,KSST Kralovéhradecký,U17,187,40
2023,M,KSST Liberecký,U17,71,33
2023,M,KSST Olomoucký,U17,79,35
2023,M,KSST Pardubický,U17,55,16
2023,M,KSST Plzeňský,U17,81,33
2023,M,KSST Vysočina,U17,130,44
2023,M,KSST Zlínský,U17,163,40
2023,M,KSST Ústecký,U17,72,29
2023,M,Moravskoslezský SST,U17,203,83
2023,M,Pražský SST,U17,103,49
2023,M,Středočeský SST,U17,316,84
2023,Z,KSST Jihomoravský,U17,84,13
2023,Z,KSST Jihočeský,U17,20,8
2023,Z,KSST Karlovarský,U17,5,2
2023,Z,KSST Kralovéhradecký,U17,36,11
2023,Z,KSST Liberecký,U17,22,10
2023,Z,KSST Olomoucký,U17,30,8
2023,Z,KSST Pardubický,U17,12,2
2023,Z,KSST Plzeňský,U17,22,9
2023,Z,KSST Vysočina,U17,21,10
2023,Z,KSST Zlínský,U17,19,4
2023,Z,KSST Ústecký,U17,13,10
2023,Z,Moravskoslezský SST,U17,38,18
2023,Z,Pražský SST,U17,22,15
2023,Z,Středočeský SST,U17,81,18
2024,M,KSST Jihomoravský,U17,328,78
2024,M,KSST Jihočeský,U17,84,36
2024,M,KSST Karlovarský,U17,24,16
2024,M,KSST Kralovéhradecký,U17,193,40
2024,M,KSST Liberecký,U17,85,30
2024,M,KSST Olomoucký,U17,108,47
2024,M,KSST Pardubický,U17,71,21
2024,M,KSST Plzeňský,U17,84,39
2024,M,KSST Vysočina,U17,160,62
2024,M,KSST Zlínský,U17,151,33
2024,M,KSST Ústecký,U17,97,37
2024,M,Moravskoslezský SST,U17,210,80
2024,M,Pražský SST,U17,90,49
2024,M,Středočeský SST,U17,323,98
2024,Z,KSST Jihomoravský,U17,81,17
2024,Z,KSST Jihočeský,U17,31,7
2024,Z,KSST Karlovarský,U17,8,2
2024,Z,KSST Kralovéhradecký,U17,43,9
2024,Z,KSST Liberecký,U17,18,10
2024,Z,KSST Olomoucký,U17,32,16
2024,Z,KSST Pardubický,U17,16,4
2024,Z,KSST Plzeňský,U17,25,12
2024,Z,KSST Vysočina,U17,27,9
2024,Z,KSST Zlínský,U17,20,8
2024,Z,KSST Ústecký,U17,18,10
2024,Z,Moravskoslezský SST,U17,48,20
2024,Z,Pražský SST,U17,26,16
2024,Z,Středočeský SST,U17,77,15
2025,M,KSST Jihomoravský,U17,347,82
2025,M,KSST Jihočeský,U17,105,38
2025,M,KSST Karlovarský,U17,22,9
2025,M,KSST Kralovéhradecký,U17,186,48
2025,M,KSST Liberecký,U17,119,40
2025,M,KSST Olomoucký,U17,84,48
2025,M,KSST Pardubický,U17,73,21
2025,M,KSST Plzeňský,U17,85,40
2025,M,KSST Vysočina,U17,176,81
2025,M,KSST Zlínský,U17,142,31
2025,M,KSST Ústecký,U17,99,43
2025,M,Moravskoslezský SST,U17,214,74
2025,M,Pražský SST,U17,76,46
2025,M,Středočeský SST,U17,333,100
2025,Z,KSST Jihomoravský,U17,95,17
2025,Z,KSST Jihočeský,U17,28,13
2025,Z,KSST Karlovarský,U17,12,4
2025,Z,KSST Kralovéhradecký,U17,45,12
2025,Z,KSST Liberecký,U17,24,7
2025,Z,KSST Olomoucký,U17,32,21
2025,Z,KSST Pardubický,U17,16,6
2025,Z,KSST Plzeňský,U17,35,11
2025,Z,KSST Vysočina,U17,27,10
2025,Z,KSST Zlínský,U17,14,5
2025,Z,KSST Ústecký,U17,21,9
2025,Z,Moravskoslezský SST,U17,41,15
2025,Z,Pražský SST,U17,29,23
2025,Z,Středočeský SST,U17,79,19
2026,M,KSST Jihomoravský,U17,325,82
2026,M,KSST Jihočeský,U17,129,51
2026,M,KSST Karlovarský,U17,15,9
2026,M,KSST Kralovéhradecký,U17,180,56
2026,M,KSST Liberecký,U17,133,49
2026,M,KSST Olomoucký,U17,84,47
2026,M,KSST Pardubický,U17,80,17
2026,M,KSST Plzeňský,U17,123,35
2026,M,KSST Vysočina,U17,169,95
2026,M,KSST Zlínský,U17,148,45
2026,M,KSST Ústecký,U17,111,43
2026,M,Moravskoslezský SST,U17,221,85
2026,M,Pražský SST,U17,84,41
2026,M,Středočeský SST,U17,308,98
2026,Z,KSST Jihomoravský,U17,87,25
2026,Z,KSST Jihočeský,U17,33,11
2026,Z,KSST Karlovarský,U17,10,6
2026,Z,KSST Kralovéhradecký,U17,38,15
2026,Z,KSST Liberecký,U17,16,7
2026,Z,KSST Olomoucký,U17,27,16
2026,Z,KSST Pardubický,U17,24,6
2026,Z,KSST Plzeňský,U17,42,17
2026,Z,KSST Vysočina,U17,25,11
2026,Z,KSST Zlínský,U17,19,8
2026,Z,KSST Ústecký,U17,23,11
2026,Z,Moravskoslezský SST,U17,33,19
2026,Z,Pražský SST,U17,26,13
2026,Z,Středočeský SST,U17,80,26
2012,M,,U15,873,
2012,Z,,U15,198,
2013,M,,U15,968,446
2013,Z,,U15,210,115
2014,M,,U15,1093,512
2014,Z,,U15,232,120
2015,M,,U15,1282,560
2015,Z,,U15,241,116
2016,M,,U15,1406,620
2016,Z,,U15,294,128
2017,M,,U15,1439,647
2017,Z,,U15,303,135
2018,M,,U15,1434,574
2018,Z,,U15,336,124
2019,M,,U15,1484,476
2019,Z,,U15,363,106
2020,M,,U15,1558,444
2020,Z,,U15,390,95
2021,M,,U15,465,248
2021,Z,,U15,129,62
2022,M,,U15,1152,160
2022,Z,,U15,304,46
2023,M,,U15,1297,287
2023,Z,,U15,325,80
2024,M,,U15,1353,309
2024,Z,,U15,344,86
2025,M,,U15,1342,298
2025,Z,,U15,367,92
2026,M,,U15,1419,339
2026,Z,,U15,336,92
2012,M,KSST Jihomoravský,U15,119,
2012,M,KSST Jihočeský,U15,72,
2012,M,KSST Karlovarský,U15,10,
2012,M,KSST Kralovéhradecký,U15,162,
2012,M,KSST Liberecký,U15,20,
2012,M,KSST Olomoucký,U15,33,
2012,M,KSST Pardubický,U15,83,
2012,M,KSST Plzeňský,U15,52,
2012,M,KSST Vysočina,U15,49,
2012,M,KSST Ústecký,U15,4,
2012,M,Moravskoslezský SST,U15,93,
2012,M,Pražský SST,U15,92,
2012,M,Středočeský SST,U15,84,
2012,Z,KSST Jihomoravský,U15,30,
2012,Z,KSST Jihočeský,U15,21,
2012,Z,KSST Karlovarský,U15,6,
2012,Z,KSST Kralovéhradecký,U15,30,
2012,Z,KSST Liberecký,U15,2,
2012,Z,KSST Olomoucký,U15,11,
2012,Z,KSST Pardubický,U15,9,
2012,Z,KSST Plzeňský,U15,22,
2012,Z,KSST Vysočina,U15,5,
2012,Z,KSST Zlínský,U15,1,
2012,Z,KSST Ústecký,U15,1,
2012,Z,Moravskoslezský SST,U15,19,
2012,Z,Pražský SST,U15,22,
2012,Z,Středočeský SST,U15,19,
2013,M,KSST Jihomoravský,U15,186,72
2013,M,KSST Jihočeský,U15,63,38
2013,M,KSST Karlovarský,U15,15,3
2013,M,KSST Kralovéhradecký,U15,148,81
2013,M,KSST Liberecký,U15,22,9
2013,M,KSST Olomoucký,U15,42,15
2013,M,KSST Pardubický,U15,64,42
2013,M,KSST Plzeňský,U15,66,30
2013,M,KSST Vysočina,U15,47,23
2013,M,KSST Zlínský,U15,6,
2013,M,KSST Ústecký,U15,1,1
2013,M,Moravskoslezský SST,U15,150,60
2013,M,Pražský SST,U15,47,30
2013,M,Středočeský SST,U15,111,42
2013,Z,KSST Jihomoravský,U15,43,20
2013,Z,KSST Jihočeský,U15,15,11
2013,Z,KSST Karlovarský,U15,7,4
2013,Z,KSST Kralovéhradecký,U15,28,19
2013,Z,KSST Liberecký,U15,2,1
2013,Z,KSST Olomoucký,U15,4,1
2013,Z,KSST Pardubický,U15,14,4
2013,Z,KSST Plzeňský,U15,16,13
2013,Z,KSST Vysočina,U15,8,3
2013,Z,KSST Zlínský,U15,2,1
2013,Z,Moravskoslezský SST,U15,20,10
2013,Z,Pražský SST,U15,21,14
2013,Z,Středočeský SST,U15,30,14
2014,M,KSST Jihomoravský,U15,246,107
2014,M,KSST Jihočeský,U15,59,36
2014,M,KSST Karlovarský,U15,31,10
2014,M,KSST Kralovéhradecký,U15,135,58
2014,M,KSST Liberecký,U15,39,14
2014,M,KSST Olomoucký,U15,37,18
2014,M,KSST Pardubický,U15,81,35
2014,M,KSST Plzeňský,U15,63,34
2014,M,KSST Vysočina,U15,44,22
2014,M,KSST Zlínský,U15,11,3
2014,M,KSST Ústecký,U15,23,
2014,M,Moravskoslezský SST,U15,153,90
2014,M,Pražský SST,U15,56,25
2014,M,Středočeský SST,U15,115,60
2014,Z,KSST Jihomoravský,U15,48,26
2014,Z,KSST Jihočeský,U15,17,9
2014,Z,KSST Karlovarský,U15,10,4
2014,Z,KSST Kralovéhradecký,U15,34,16
2014,Z,KSST Liberecký,U15,6,1
2014,Z,KSST Olomoucký,U15,4,1
2014,Z,KSST Pardubický,U15,15,8
2014,Z,KSST Plzeňský,U15,23,10
2014,Z,KSST Vysočina,U15,6,4
2014,Z,KSST Zlínský,U15,4,2
2014,Z,KSST Ústecký,U15,6,
2014,Z,Moravskoslezský SST,U15,23,11
2014,Z,Pražský SST,U15,14,11
2014,Z,Středočeský SST,U15,22,17
2015,M,KSST Jihomoravský,U15,220,121
2015,M,KSST Jihočeský,U15,57,33
2015,M,KSST Karlovarský,U15,16,11
2015,M,KSST Kralovéhradecký,U15,139,50
2015,M,KSST Liberecký,U15,69,24
2015,M,KSST Olomoucký,U15,33,20
2015,M,KSST Pardubický,U15,71,46
2015,M,KSST Plzeňský,U15,63,34
2015,M,KSST Vysočina,U15,86,23
2015,M,KSST Zlínský,U15,41,7
2015,M,KSST Ústecký,U15,53,9
2015,M,Moravskoslezský SST,U15,212,97
2015,M,Pražský SST,U15,52,31
2015,M,Středočeský SST,U15,170,54
2015,Z,KSST Jihomoravský,U15,35,21
2015,Z,KSST Jihočeský,U15,16,8
2015,Z,KSST Karlovarský,U15,9,5
2015,Z,KSST Kralovéhradecký,U15,28,13
2015,Z,KSST Liberecký,U15,13,3
2015,Z,KSST Olomoucký,U15,7,3
2015,Z,KSST Pardubický,U15,18,7
2015,Z,KSST Plzeňský,U15,15,10
2015,Z,KSST Vysočina,U15,7,3
2015,Z,KSST Zlínský,U15,6,2
2015,Z,KSST Ústecký,U15,10,2
2015,Z,Moravskoslezský SST,U15,36,16
2015,Z,Pražský SST,U15,13,8
2015,Z,Středočeský SST,U15,28,15
2016,M,KSST Jihomoravský,U15,257,103
2016,M,KSST Jihočeský,U15,84,27
2016,M,KSST Karlovarský,U15,16,5
2016,M,KSST Kralovéhradecký,U15,168,57
2016,M,KSST Liberecký,U15,46,24
2016,M,KSST Olomoucký,U15,39,17
2016,M,KSST Pardubický,U15,87,40
2016,M,KSST Plzeňský,U15,61,33
2016,M,KSST Vysočina,U15,83,50
2016,M,KSST Zlínský,U15,90,23
2016,M,KSST Ústecký,U15,67,25
2016,M,Moravskoslezský SST,U15,187,107
2016,M,Pražský SST,U15,64,40
2016,M,Středočeský SST,U15,157,69
2016,Z,KSST Jihomoravský,U15,39,21
2016,Z,KSST Jihočeský,U15,25,6
2016,Z,KSST Karlovarský,U15,20,6
2016,Z,KSST Kralovéhradecký,U15,40,17
2016,Z,KSST Liberecký,U15,18,3
2016,Z,KSST Olomoucký,U15,6,2
2016,Z,KSST Pardubický,U15,22,7
2016,Z,KSST Plzeňský,U15,18,10
2016,Z,KSST Vysočina,U15,8,2
2016,Z,KSST Zlínský,U15,10,3
2016,Z,KSST Ústecký,U15,13,8
2016,Z,Moravskoslezský SST,U15,29,17
2016,Z,Pražský SST,U15,18,9
2016,Z,Středočeský SST,U15,28,17
2017,M,KSST Jihomoravský,U15,224,110
2017,M,KSST Jihočeský,U15,71,35
2017,M,KSST Karlovarský,U15,18,7
2017,M,KSST Kralovéhradecký,U15,152,67
2017,M,KSST Liberecký,U15,55,20
2017,M,KSST Olomoucký,U15,41,23
2017,M,KSST Pardubický,U15,73,35
2017,M,KSST Plzeňský,U15,73,33
2017,M,KSST Vysočina,U15,80,44
2017,M,KSST Zlínský,U15,160,55
2017,M,KSST Ústecký,U15,55,31
2017,M,Moravskoslezský SST,U15,203,92
2017,M,Pražský SST,U15,56,35
2017,M,Středočeský SST,U15,178,60
2017,Z,KSST Jihomoravský,U15,48,19
2017,Z,KSST Jihočeský,U15,18,9
2017,Z,KSST Karlovarský,U15,14,11
2017,Z,KSST Kralovéhradecký,U15,40,17
2017,Z,KSST Liberecký,U15,20,7
2017,Z,KSST Olomoucký,U15,4,3
2017,Z,KSST Pardubický,U15,20,8
2017,Z,KSST Plzeňský,U15,21,7
2017,Z,KSST Vysočina,U15,10,2
2017,Z,KSST Zlínský,U15,14,7
2017,Z,KSST Ústecký,U15,8,6
2017,Z,Moravskoslezský SST,U15,29,11
2017,Z,Pražský SST,U15,18,13
2017,Z,Středočeský SST,U15,39,15
2018,M,KSST Jihomoravský,U15,237,86
2018,M,KSST Jihočeský,U15,51,24
2018,M,KSST Karlovarský,U15,29,9
2018,M,KSST Kralovéhradecký,U15,125,39
2018,M,KSST Liberecký,U15,52,29
2018,M,KSST Olomoucký,U15,37,16
2018,M,KSST Pardubický,U15,70,29
2018,M,KSST Plzeňský,U15,71,35
2018,M,KSST Vysočina,U15,81,36
2018,M,KSST Zlínský,U15,174,71
2018,M,KSST Ústecký,U15,65,26
2018,M,Moravskoslezský SST,U15,208,89
2018,M,Pražský SST,U15,54,27
2018,M,Středočeský SST,U15,180,58
2018,Z,KSST Jihomoravský,U15,55,14
2018,Z,KSST Jihočeský,U15,16,6
2018,Z,KSST Karlovarský,U15,16,6
2018,Z,KSST Kralovéhradecký,U15,44,14
2018,Z,KSST Liberecký,U15,24,8
2018,Z,KSST Olomoucký,U15,6,3
2018,Z,KSST Pardubický,U15,20,7
2018,Z,KSST Plzeňský,U15,13,10
2018,Z,KSST Vysočina,U15,13,5
2018,Z,KSST Zlínský,U15,19,5
2018,Z,KSST Ústecký,U15,11,5
2018,Z,Moravskoslezský SST,U15,42,14
2018,Z,Pražský SST,U15,18,13
2018,Z,Středočeský SST,U15,39,14
2019,M,KSST Jihomoravský,U15,256,78
2019,M,KSST Jihočeský,U15,59,13
2019,M,KSST Karlovarský,U15,20,10
2019,M,KSST Kralovéhradecký,U15,125,28
2019,M,KSST Liberecký,U15,57,20
2019,M,KSST Olomoucký,U15,44,14
2019,M,KSST Pardubický,U15,70,25
2019,M,KSST Plzeňský,U15,65,27
2019,M,KSST Vysočina,U15,78,31
2019,M,KSST Zlínský,U15,170,49
2019,M,KSST Ústecký,U15,66,23
2019,M,Moravskoslezský SST,U15,207,78
2019,M,Pražský SST,U15,55,30
2019,M,Středočeský SST,U15,212,50
2019,Z,KSST Jihomoravský,U15,68,13
2019,Z,KSST Jihočeský,U15,17,5
2019,Z,KSST Karlovarský,U15,13,6
2019,Z,KSST Kralovéhradecký,U15,44,12
2019,Z,KSST Liberecký,U15,23,7
2019,Z,KSST Olomoucký,U15,5,2
2019,Z,KSST Pardubický,U15,18,6
2019,Z,KSST Plzeňský,U15,13,6
2019,Z,KSST Vysočina,U15,12,4
2019,Z,KSST Zlínský,U15,19,8
2019,Z,KSST Ústecký,U15,18,3
2019,Z,Moravskoslezský SST,U15,45,12
2019,Z,Pražský SST,U15,16,12
2019,Z,Středočeský SST,U15,52,10
2020,M,KSST Jihomoravský,U15,262,57
2020,M,KSST Jihočeský,U15,63,22
2020,M,KSST Karlovarský,U15,15,6
2020,M,KSST Kralovéhradecký,U15,158,28
2020,M,KSST Liberecký,U15,67,24
2020,M,KSST Olomoucký,U15,56,16
2020,M,KSST Pardubický,U15,73,24
2020,M,KSST Plzeňský,U15,69,22
2020,M,KSST Vysočina,U15,69,27
2020,M,KSST Zlínský,U15,191,40
2020,M,KSST Ústecký,U15,54,25
2020,M,Moravskoslezský SST,U15,179,72
2020,M,Pražský SST,U15,51,32
2020,M,Středočeský SST,U15,251,49
2020,Z,KSST Jihomoravský,U15,64,6
2020,Z,KSST Jihočeský,U15,23,5
2020,Z,KSST Karlovarský,U15,12,8
2020,Z,KSST Kralovéhradecký,U15,39,8
2020,Z,KSST Liberecký,U15,23,7
2020,Z,KSST Olomoucký,U15,9,3
2020,Z,KSST Pardubický,U15,19,4
2020,Z,KSST Plzeňský,U15,26,5
2020,Z,KSST Vysočina,U15,13,6
2020,Z,KSST Zlínský,U15,24,5
2020,Z,KSST Ústecký,U15,17,7
2020,Z,Moravskoslezský SST,U15,37,7
2020,Z,Pražský SST,U15,17,9
2020,Z,Středočeský SST,U15,67,15
2021,M,KSST Jihomoravský,U15,100,36
2021,M,KSST Jihočeský,U15,15,9
2021,M,KSST Karlovarský,U15,6,4
2021,M,KSST Kralovéhradecký,U15,33,23
2021,M,KSST Liberecký,U15,22,14
2021,M,KSST Olomoucký,U15,16,11
2021,M,KSST Pardubický,U15,20,7
2021,M,KSST Plzeňský,U15,13,13
2021,M,KSST Vysočina,U15,12,6
2021,M,KSST Zlínský,U15,19,13
2021,M,KSST Ústecký,U15,20,13
2021,M,Moravskoslezský SST,U15,76,48
2021,M,Pražský SST,U15,27,19
2021,M,Středočeský SST,U15,86,32
2021,Z,KSST Jihomoravský,U15,22,6
2021,Z,KSST Jihočeský,U15,6,3
2021,Z,KSST Karlovarský,U15,3,2
2021,Z,KSST Kralovéhradecký,U15,14,12
2021,Z,KSST Liberecký,U15,6,2
2021,Z,KSST Olomoucký,U15,4,2
2021,Z,KSST Pardubický,U15,4,2
2021,Z,KSST Plzeňský,U15,4,4
2021,Z,KSST Vysočina,U15,7,3
2021,Z,KSST Zlínský,U15,3,1
2021,Z,KSST Ústecký,U15,6,4
2021,Z,Moravskoslezský SST,U15,18,7
2021,Z,Pražský SST,U15,10,7
2021,Z,Středočeský SST,U15,22,7
2022,M,KSST Jihomoravský,U15,228,20
2022,M,KSST Jihočeský,U15,50,4
2022,M,KSST Karlovarský,U15,23,2
2022,M,KSST Kralovéhradecký,U15,128,14
2022,M,KSST Liberecký,U15,43,10
2022,M,KSST Olomoucký,U15,32,10
2022,M,KSST Pardubický,U15,31,10
2022,M,KSST Plzeňský,U15,52,8
2022,M,KSST Vysočina,U15,51,4
2022,M,KSST Zlínský,U15,118,8
2022,M,KSST Ústecký,U15,39,7
2022,M,Moravskoslezský SST,U15,128,29
2022,M,Pražský SST,U15,46,16
2022,M,Středočeský SST,U15,183,18
2022,Z,KSST Jihomoravský,U15,59,5
2022,Z,KSST Jihočeský,U15,17,2
2022,Z,KSST Karlovarský,U15,5,1
2022,Z,KSST Kralovéhradecký,U15,31,8
2022,Z,KSST Liberecký,U15,16,2
2022,Z,KSST Olomoucký,U15,12,
2022,Z,KSST Pardubický,U15,8,1
2022,Z,KSST Plzeňský,U15,19,4
2022,Z,KSST Vysočina,U15,11,2
2022,Z,KSST Zlínský,U15,25,
2022,Z,KSST Ústecký,U15,10,1
2022,Z,Moravskoslezský SST,U15,34,9
2022,Z,Pražský SST,U15,16,7
2022,Z,Středočeský SST,U15,41,4
2023,M,KSST Jihomoravský,U15,252,34
2023,M,KSST Jihočeský,U15,45,17
2023,M,KSST Karlovarský,U15,24,9
2023,M,KSST Kralovéhradecký,U15,141,20
2023,M,KSST Liberecký,U15,43,17
2023,M,KSST Olomoucký,U15,52,13
2023,M,KSST Pardubický,U15,37,9
2023,M,KSST Plzeňský,U15,55,21
2023,M,KSST Vysočina,U15,99,25
2023,M,KSST Zlínský,U15,111,16
2023,M,KSST Ústecký,U15,50,16
2023,M,Moravskoslezský SST,U15,130,35
2023,M,Pražský SST,U15,53,20
2023,M,Středočeský SST,U15,205,35
2023,Z,KSST Jihomoravský,U15,71,8
2023,Z,KSST Jihočeský,U15,12,2
2023,Z,KSST Karlovarský,U15,3,1
2023,Z,KSST Kralovéhradecký,U15,26,6
2023,Z,KSST Liberecký,U15,14,3
2023,Z,KSST Olomoucký,U15,28,6
2023,Z,KSST Pardubický,U15,11,1
2023,Z,KSST Plzeňský,U15,15,5
2023,Z,KSST Vysočina,U15,14,5
2023,Z,KSST Zlínský,U15,17,3
2023,Z,KSST Ústecký,U15,9,7
2023,Z,Moravskoslezský SST,U15,25,10
2023,Z,Pražský SST,U15,20,13
2023,Z,Středočeský SST,U15,60,10
2024,M,KSST Jihomoravský,U15,236,39
2024,M,KSST Jihočeský,U15,57,19
2024,M,KSST Karlovarský,U15,14,10
2024,M,KSST Kralovéhradecký,U15,147,20
2024,M,KSST Liberecký,U15,50,10
2024,M,KSST Olomoucký,U15,63,22
2024,M,KSST Pardubický,U15,45,8
2024,M,KSST Plzeňský,U15,47,15
2024,M,KSST Vysočina,U15,116,33
2024,M,KSST Zlínský,U15,112,18
2024,M,KSST Ústecký,U15,70,19
2024,M,Moravskoslezský SST,U15,137,36
2024,M,Pražský SST,U15,49,21
2024,M,Středočeský SST,U15,210,39
2024,Z,KSST Jihomoravský,U15,63,10
2024,Z,KSST Jihočeský,U15,26,3
2024,Z,KSST Karlovarský,U15,6,1
2024,Z,KSST Kralovéhradecký,U15,33,4
2024,Z,KSST Liberecký,U15,10,3
2024,Z,KSST Olomoucký,U15,28,13
2024,Z,KSST Pardubický,U15,11,2
2024,Z,KSST Plzeňský,U15,19,7
2024,Z,KSST Vysočina,U15,19,4
2024,Z,KSST Zlínský,U15,13,5
2024,Z,KSST Ústecký,U15,13,8
2024,Z,Moravskoslezský SST,U15,28,8
2024,Z,Pražský SST,U15,15,7
2024,Z,Středočeský SST,U15,60,11
2025,M,KSST Jihomoravský,U15,249,30
2025,M,KSST Jihočeský,U15,76,17
2025,M,KSST Karlovarský,U15,10,2
2025,M,KSST Kralovéhradecký,U15,134,26
2025,M,KSST Liberecký,U15,77,21
2025,M,KSST Olomoucký,U15,46,25
2025,M,KSST Pardubický,U15,50,10
2025,M,KSST Plzeňský,U15,49,14
2025,M,KSST Vysočina,U15,99,36
2025,M,KSST Zlínský,U15,97,15
2025,M,KSST Ústecký,U15,61,16
2025,M,Moravskoslezský SST,U15,137,27
2025,M,Pražský SST,U15,42,19
2025,M,Středočeský SST,U15,215,40
2025,Z,KSST Jihomoravský,U15,70,5
2025,Z,KSST Jihočeský,U15,22,8
2025,Z,KSST Karlovarský,U15,9,3
2025,Z,KSST Kralovéhradecký,U15,35,5
2025,Z,KSST Liberecký,U15,17,2
2025,Z,KSST Olomoucký,U15,25,15
2025,Z,KSST Pardubický,U15,14,4
2025,Z,KSST Plzeňský,U15,26,7
2025,Z,KSST Vysočina,U15,20,6
2025,Z,KSST Zlínský,U15,12,4
2025,Z,KSST Ústecký,U15,15,6
2025,Z,Moravskoslezský SST,U15,26,6
2025,Z,Pražský SST,U15,14,9
2025,Z,Středočeský SST,U15,62,12
2026,M,KSST Jihomoravský,U15,240,46
2026,M,KSST Jihočeský,U15,101,26
2026,M,KSST Karlovarský,U15,9,4
2026,M,KSST Kralovéhradecký,U15,128,24
2026,M,KSST Liberecký,U15,88,22
2026,M,KSST Olomoucký,U15,48,22
2026,M,KSST Pardubický,U15,59,7
2026,M,KSST Plzeňský,U15,91,16
2026,M,KSST Vysočina,U15,99,43
2026,M,KSST Zlínský,U15,103,20
2026,M,KSST Ústecký,U15,69,15
2026,M,Moravskoslezský SST,U15,135,31
2026,M,Pražský SST,U15,51,16
2026,M,Středočeský SST,U15,198,47
2026,Z,KSST Jihomoravský,U15,64,11
2026,Z,KSST Jihočeský,U15,28,8
2026,Z,KSST Karlovarský,U15,5,2
2026,Z,KSST Kralovéhradecký,U15,29,8
2026,Z,KSST Liberecký,U15,8,3
2026,Z,KSST Olomoucký,U15,18,8
2026,Z,KSST Pardubický,U15,20,2
2026,Z,KSST Plzeňský,U15,28,7
2026,Z,KSST Vysočina,U15,21,9
2026,Z,KSST Zlínský,U15,14,4
2026,Z,KSST Ústecký,U15,15,4
2026,Z,Moravskoslezský SST,U15,20,10
2026,Z,Pražský SST,U15,17,5
2026,Z,Středočeský SST,U15,49,11
2012,M,,U13,410,
2012,Z,,U13,105,
2013,M,,U13,447,174
2013,Z,,U13,98,34
2014,M,,U13,532,193
2014,Z,,U13,125,51
2015,M,,U13,634,207
2015,Z,,U13,136,54
2016,M,,U13,701,203
2016,Z,,U13,165,57
2017,M,,U13,668,217
2017,Z,,U13,170,54
2018,M,,U13,670,183
2018,Z,,U13,188,38
2019,M,,U13,743,161
2019,Z,,U13,212,34
2020,M,,U13,800,154
2020,Z,,U13,227,33
2021,M,,U13,177,76
2021,Z,,U13,64,25
2022,M,,U13,488,36
2022,Z,,U13,159,12
2023,M,,U13,569,60
2023,Z,,U13,175,27
2024,M,,U13,598,73
2024,Z,,U13,176,23
2025,M,,U13,589,76
2025,Z,,U13,198,31
2026,M,,U13,660,89
2026,Z,,U13,170,29
2012,M,KSST Jihomoravský,U13,67,
2012,M,KSST Jihočeský,U13,29,
2012,M,KSST Karlovarský,U13,2,
2012,M,KSST Kralovéhradecký,U13,69,
2012,M,KSST Liberecký,U13,8,
2012,M,KSST Olomoucký,U13,13,
2012,M,KSST Pardubický,U13,41,
2012,M,KSST Plzeňský,U13,28,
2012,M,KSST Vysočina,U13,15,
2012,M,KSST Ústecký,U13,1,
2012,M,Moravskoslezský SST,U13,54,
2012,M,Pražský SST,U13,47,
2012,M,Středočeský SST,U13,36,
2012,Z,KSST Jihomoravský,U13,18,
2012,Z,KSST Jihočeský,U13,17,
2012,Z,KSST Karlovarský,U13,1,
2012,Z,KSST Kralovéhradecký,U13,16,
2012,Z,KSST Olomoucký,U13,3,
2012,Z,KSST Pardubický,U13,6,
2012,Z,KSST Plzeňský,U13,11,
2012,Z,KSST Vysočina,U13,2,
2012,Z,KSST Zlínský,U13,1,
2012,Z,Moravskoslezský SST,U13,10,
2012,Z,Pražský SST,U13,13,
2012,Z,Středočeský SST,U13,7,
2013,M,KSST Jihomoravský,U13,98,31
2013,M,KSST Jihočeský,U13,31,14
2013,M,KSST Karlovarský,U13,5,
2013,M,KSST Kralovéhradecký,U13,66,30
2013,M,KSST Liberecký,U13,11,2
2013,M,KSST Olomoucký,U13,14,4
2013,M,KSST Pardubický,U13,35,19
2013,M,KSST Plzeňský,U13,30,15
2013,M,KSST Vysočina,U13,13,4
2013,M,KSST Zlínský,U13,1,
2013,M,Moravskoslezský SST,U13,78,28
2013,M,Pražský SST,U13,16,11
2013,M,Středočeský SST,U13,49,16
2013,Z,KSST Jihomoravský,U13,23,10
2013,Z,KSST Jihočeský,U13,9,6
2013,Z,KSST Karlovarský,U13,3,1
2013,Z,KSST Kralovéhradecký,U13,11,4
2013,Z,KSST Olomoucký,U13,1,
2013,Z,KSST Pardubický,U13,9,2
2013,Z,KSST Plzeňský,U13,6,4
2013,Z,KSST Vysočina,U13,4,1
2013,Z,KSST Zlínský,U13,1,
2013,Z,Moravskoslezský SST,U13,9,1
2013,Z,Pražský SST,U13,7,4
2013,Z,Středočeský SST,U13,15,1
2014,M,KSST Jihomoravský,U13,124,43
2014,M,KSST Jihočeský,U13,29,15
2014,M,KSST Karlovarský,U13,14,3
2014,M,KSST Kralovéhradecký,U13,68,25
2014,M,KSST Liberecký,U13,16,1
2014,M,KSST Olomoucký,U13,19,7
2014,M,KSST Pardubický,U13,44,17
2014,M,KSST Plzeňský,U13,27,12
2014,M,KSST Vysočina,U13,19,6
2014,M,KSST Zlínský,U13,5,
2014,M,KSST Ústecký,U13,10,
2014,M,Moravskoslezský SST,U13,79,39
2014,M,Pražský SST,U13,30,7
2014,M,Středočeský SST,U13,48,18
2014,Z,KSST Jihomoravský,U13,31,14
2014,Z,KSST Jihočeský,U13,7,4
2014,Z,KSST Karlovarský,U13,6,2
2014,Z,KSST Kralovéhradecký,U13,17,5
2014,Z,KSST Liberecký,U13,3,
2014,Z,KSST Olomoucký,U13,2,
2014,Z,KSST Pardubický,U13,7,4
2014,Z,KSST Plzeňský,U13,13,3
2014,Z,KSST Vysočina,U13,1,1
2014,Z,KSST Zlínský,U13,1,
2014,Z,KSST Ústecký,U13,4,
2014,Z,Moravskoslezský SST,U13,14,5
2014,Z,Pražský SST,U13,6,4
2014,Z,Středočeský SST,U13,13,9
2015,M,KSST Jihomoravský,U13,107,44
2015,M,KSST Jihočeský,U13,29,12
2015,M,KSST Karlovarský,U13,6,2
2015,M,KSST Kralovéhradecký,U13,79,23
2015,M,KSST Liberecký,U13,32,8
2015,M,KSST Olomoucký,U13,13,6
2015,M,KSST Pardubický,U13,36,20
2015,M,KSST Plzeňský,U13,34,15
2015,M,KSST Vysočina,U13,38,10
2015,M,KSST Zlínský,U13,17,2
2015,M,KSST Ústecký,U13,20,
2015,M,Moravskoslezský SST,U13,114,33
2015,M,Pražský SST,U13,31,16
2015,M,Středočeský SST,U13,78,16
2015,Z,KSST Jihomoravský,U13,23,10
2015,Z,KSST Jihočeský,U13,8,2
2015,Z,KSST Karlovarský,U13,4,2
2015,Z,KSST Kralovéhradecký,U13,15,7
2015,Z,KSST Liberecký,U13,8,
2015,Z,KSST Olomoucký,U13,3,
2015,Z,KSST Pardubický,U13,8,2
2015,Z,KSST Plzeňský,U13,10,6
2015,Z,KSST Vysočina,U13,3,1
2015,Z,KSST Zlínský,U13,3,1
2015,Z,KSST Ústecký,U13,7,2
2015,Z,Moravskoslezský SST,U13,20,9
2015,Z,Pražský SST,U13,6,5
2015,Z,Středočeský SST,U13,18,7
2016,M,KSST Jihomoravský,U13,134,33
2016,M,KSST Jihočeský,U13,39,10
2016,M,KSST Karlovarský,U13,14,4
2016,M,KSST Kralovéhradecký,U13,88,15
2016,M,KSST Liberecký,U13,23,11
2016,M,KSST Olomoucký,U13,16,1
2016,M,KSST Pardubický,U13,49,15
2016,M,KSST Plzeňský,U13,34,15
2016,M,KSST Vysočina,U13,35,14
2016,M,KSST Zlínský,U13,46,6
2016,M,KSST Ústecký,U13,32,7
2016,M,Moravskoslezský SST,U13,96,38
2016,M,Pražský SST,U13,27,15
2016,M,Středočeský SST,U13,68,19
2016,Z,KSST Jihomoravský,U13,24,11
2016,Z,KSST Jihočeský,U13,10,2
2016,Z,KSST Karlovarský,U13,11,3
2016,Z,KSST Kralovéhradecký,U13,27,7
2016,Z,KSST Liberecký,U13,11,1
2016,Z,KSST Olomoucký,U13,2,
2016,Z,KSST Pardubický,U13,11,3
2016,Z,KSST Plzeňský,U13,11,4
2016,Z,KSST Vysočina,U13,4,2
2016,Z,KSST Zlínský,U13,7,2
2016,Z,KSST Ústecký,U13,6,3
2016,Z,Moravskoslezský SST,U13,17,8
2016,Z,Pražský SST,U13,8,4
2016,Z,Středočeský SST,U13,16,7
2017,M,KSST Jihomoravský,U13,116,49
2017,M,KSST Jihočeský,U13,25,9
2017,M,KSST Karlovarský,U13,8,3
2017,M,KSST Kralovéhradecký,U13,65,22
2017,M,KSST Liberecký,U13,27,5
2017,M,KSST Olomoucký,U13,16,5
2017,M,KSST Pardubický,U13,42,14
2017,M,KSST Plzeňský,U13,33,11
2017,M,KSST Vysočina,U13,22,13
2017,M,KSST Zlínský,U13,79,14
2017,M,KSST Ústecký,U13,25,13
2017,M,Moravskoslezský SST,U13,100,30
2017,M,Pražský SST,U13,26,10
2017,M,Středočeský SST,U13,84,19
2017,Z,KSST Jihomoravský,U13,28,7
2017,Z,KSST Jihočeský,U13,7,2
2017,Z,KSST Karlovarský,U13,7,5
2017,Z,KSST Kralovéhradecký,U13,21,7
2017,Z,KSST Liberecký,U13,15,5
2017,Z,KSST Olomoucký,U13,2,1
2017,Z,KSST Pardubický,U13,13,2
2017,Z,KSST Plzeňský,U13,10,2
2017,Z,KSST Vysočina,U13,5,1
2017,Z,KSST Zlínský,U13,7,2
2017,Z,KSST Ústecký,U13,4,3
2017,Z,Moravskoslezský SST,U13,19,6
2017,Z,Pražský SST,U13,9,5
2017,Z,Středočeský SST,U13,23,6
2018,M,KSST Jihomoravský,U13,118,25
2018,M,KSST Jihočeský,U13,16,4
2018,M,KSST Karlovarský,U13,8,1
2018,M,KSST Kralovéhradecký,U13,51,13
2018,M,KSST Liberecký,U13,27,11
2018,M,KSST Olomoucký,U13,16,4
2018,M,KSST Pardubický,U13,40,13
2018,M,KSST Plzeňský,U13,24,9
2018,M,KSST Vysočina,U13,24,8
2018,M,KSST Zlínský,U13,100,24
2018,M,KSST Ústecký,U13,27,6
2018,M,Moravskoslezský SST,U13,110,31
2018,M,Pražský SST,U13,25,14
2018,M,Středočeský SST,U13,84,20
2018,Z,KSST Jihomoravský,U13,36,2
2018,Z,KSST Jihočeský,U13,6,1
2018,Z,KSST Karlovarský,U13,9,2
2018,Z,KSST Kralovéhradecký,U13,21,3
2018,Z,KSST Liberecký,U13,14,2
2018,Z,KSST Olomoucký,U13,2,1
2018,Z,KSST Pardubický,U13,14,3
2018,Z,KSST Plzeňský,U13,6,3
2018,Z,KSST Vysočina,U13,7,2
2018,Z,KSST Zlínský,U13,12,2
2018,Z,KSST Ústecký,U13,3,2
2018,Z,Moravskoslezský SST,U13,23,5
2018,Z,Pražský SST,U13,10,5
2018,Z,Středočeský SST,U13,25,5
2019,M,KSST Jihomoravský,U13,130,25
2019,M,KSST Jihočeský,U13,29,4
2019,M,KSST Karlovarský,U13,9,2
2019,M,KSST Kralovéhradecký,U13,67,10
2019,M,KSST Liberecký,U13,28,9
2019,M,KSST Olomoucký,U13,20,3
2019,M,KSST Pardubický,U13,38,9
2019,M,KSST Plzeňský,U13,33,10
2019,M,KSST Vysočina,U13,33,7
2019,M,KSST Zlínský,U13,85,22
2019,M,KSST Ústecký,U13,31,5
2019,M,Moravskoslezský SST,U13,113,30
2019,M,Pražský SST,U13,24,13
2019,M,Středočeský SST,U13,103,12
2019,Z,KSST Jihomoravský,U13,40,3
2019,Z,KSST Jihočeský,U13,10,2
2019,Z,KSST Karlovarský,U13,5,1
2019,Z,KSST Kralovéhradecký,U13,29,5
2019,Z,KSST Liberecký,U13,10,1
2019,Z,KSST Olomoucký,U13,3,1
2019,Z,KSST Pardubický,U13,9,1
2019,Z,KSST Plzeňský,U13,10,4
2019,Z,KSST Vysočina,U13,6,2
2019,Z,KSST Zlínský,U13,14,5
2019,Z,KSST Ústecký,U13,10,1
2019,Z,Moravskoslezský SST,U13,27,2
2019,Z,Pražský SST,U13,7,3
2019,Z,Středočeský SST,U13,32,3
2020,M,KSST Jihomoravský,U13,149,17
2020,M,KSST Jihočeský,U13,26,6
2020,M,KSST Karlovarský,U13,9,3
2020,M,KSST Kralovéhradecký,U13,91,8
2020,M,KSST Liberecký,U13,37,12
2020,M,KSST Olomoucký,U13,31,5
2020,M,KSST Pardubický,U13,35,10
2020,M,KSST Plzeňský,U13,40,10
2020,M,KSST Vysočina,U13,26,10
2020,M,KSST Zlínský,U13,104,14
2020,M,KSST Ústecký,U13,25,9
2020,M,Moravskoslezský SST,U13,84,26
2020,M,Pražský SST,U13,22,9
2020,M,Středočeský SST,U13,121,15
2020,Z,KSST Jihomoravský,U13,36,1
2020,Z,KSST Jihočeský,U13,12,1
2020,Z,KSST Karlovarský,U13,4,1
2020,Z,KSST Kralovéhradecký,U13,26,3
2020,Z,KSST Liberecký,U13,11,2
2020,Z,KSST Olomoucký,U13,5,1
2020,Z,KSST Pardubický,U13,11,1
2020,Z,KSST Plzeňský,U13,18,3
2020,Z,KSST Vysočina,U13,5,2
2020,Z,KSST Zlínský,U13,18,4
2020,Z,KSST Ústecký,U13,9,3
2020,Z,Moravskoslezský SST,U13,26,4
2020,Z,Pražský SST,U13,10,3
2020,Z,Středočeský SST,U13,36,4
2021,M,KSST Jihomoravský,U13,44,7
2021,M,KSST Jihočeský,U13,5,2
2021,M,KSST Karlovarský,U13,3,2
2021,M,KSST Kralovéhradecký,U13,15,8
2021,M,KSST Liberecký,U13,13,8
2021,M,KSST Olomoucký,U13,3,3
2021,M,KSST Pardubický,U13,11,1
2021,M,KSST Plzeňský,U13,7,7
2021,M,KSST Vysočina,U13,4,2
2021,M,KSST Zlínský,U13,7,6
2021,M,KSST Ústecký,U13,7,4
2021,M,Moravskoslezský SST,U13,23,12
2021,M,Pražský SST,U13,13,9
2021,M,Středočeský SST,U13,22,5
2021,Z,KSST Jihomoravský,U13,12,3
2021,Z,KSST Jihočeský,U13,2,
2021,Z,KSST Karlovarský,U13,1,
2021,Z,KSST Kralovéhradecký,U13,7,6
2021,Z,KSST Liberecký,U13,2,
2021,Z,KSST Olomoucký,U13,1,1
2021,Z,KSST Pardubický,U13,2,1
2021,Z,KSST Plzeňský,U13,1,1
2021,Z,KSST Vysočina,U13,3,1
2021,Z,KSST Zlínský,U13,3,1
2021,Z,KSST Ústecký,U13,2,
2021,Z,Moravskoslezský SST,U13,12,3
2021,Z,Pražský SST,U13,8,5
2021,Z,Středočeský SST,U13,8,3
2022,M,KSST Jihomoravský,U13,116,5
2022,M,KSST Jihočeský,U13,22,2
2022,M,KSST Karlovarský,U13,7,
2022,M,KSST Kralovéhradecký,U13,65,1
2022,M,KSST Liberecký,U13,17,2
2022,M,KSST Olomoucký,U13,6,
2022,M,KSST Pardubický,U13,11,1
2022,M,KSST Plzeňský,U13,19,1
2022,M,KSST Vysočina,U13,20,
2022,M,KSST Zlínský,U13,56,5
2022,M,KSST Ústecký,U13,17,2
2022,M,Moravskoslezský SST,U13,53,8
2022,M,Pražský SST,U13,18,6
2022,M,Středočeský SST,U13,61,3
2022,Z,KSST Jihomoravský,U13,38,4
2022,Z,KSST Jihočeský,U13,11,
2022,Z,KSST Karlovarský,U13,2,
2022,Z,KSST Kralovéhradecký,U13,14,2
2022,Z,KSST Liberecký,U13,6,1
2022,Z,KSST Olomoucký,U13,10,
2022,Z,KSST Pardubický,U13,4,
2022,Z,KSST Plzeňský,U13,9,
2022,Z,KSST Vysočina,U13,5,
2022,Z,KSST Zlínský,U13,12,
2022,Z,KSST Ústecký,U13,7,
2022,Z,Moravskoslezský SST,U13,17,3
2022,Z,Pražský SST,U13,6,2
2022,Z,Středočeský SST,U13,18,
2023,M,KSST Jihomoravský,U13,123,9
2023,M,KSST Jihočeský,U13,14,2
2023,M,KSST Karlovarský,U13,7,
2023,M,KSST Kralovéhradecký,U13,70,2
2023,M,KSST Liberecký,U13,22,4
2023,M,KSST Olomoucký,U13,25,3
2023,M,KSST Pardubický,U13,13,1
2023,M,KSST Plzeňský,U13,25,6
2023,M,KSST Vysočina,U13,43,7
2023,M,KSST Zlínský,U13,53,3
2023,M,KSST Ústecký,U13,13,3
2023,M,Moravskoslezský SST,U13,53,11
2023,M,Pražský SST,U13,22,2
2023,M,Středočeský SST,U13,86,7
2023,Z,KSST Jihomoravský,U13,41,4
2023,Z,KSST Jihočeský,U13,5,1
2023,Z,KSST Karlovarský,U13,1,
2023,Z,KSST Kralovéhradecký,U13,16,1
2023,Z,KSST Liberecký,U13,8,
2023,Z,KSST Olomoucký,U13,18,4
2023,Z,KSST Pardubický,U13,5,
2023,Z,KSST Plzeňský,U13,6,1
2023,Z,KSST Vysočina,U13,7,2
2023,Z,KSST Zlínský,U13,7,2
2023,Z,KSST Ústecký,U13,5,4
2023,Z,Moravskoslezský SST,U13,11,1
2023,Z,Pražský SST,U13,9,4
2023,Z,Středočeský SST,U13,36,3
2024,M,KSST Jihomoravský,U13,119,7
2024,M,KSST Jihočeský,U13,30,4
2024,M,KSST Karlovarský,U13,4,3
2024,M,KSST Kralovéhradecký,U13,74,6
2024,M,KSST Liberecký,U13,19,3
2024,M,KSST Olomoucký,U13,25,5
2024,M,KSST Pardubický,U13,25,1
2024,M,KSST Plzeňský,U13,23,4
2024,M,KSST Vysočina,U13,58,10
2024,M,KSST Zlínský,U13,48,4
2024,M,KSST Ústecký,U13,22,3
2024,M,Moravskoslezský SST,U13,52,9
2024,M,Pražský SST,U13,14,5
2024,M,Středočeský SST,U13,85,9
2024,Z,KSST Jihomoravský,U13,33,2
2024,Z,KSST Jihočeský,U13,16,1
2024,Z,KSST Karlovarský,U13,2,
2024,Z,KSST Kralovéhradecký,U13,19,1
2024,Z,KSST Liberecký,U13,6,1
2024,Z,KSST Olomoucký,U13,12,3
2024,Z,KSST Pardubický,U13,6,
2024,Z,KSST Plzeňský,U13,7,2
2024,Z,KSST Vysočina,U13,15,2
2024,Z,KSST Zlínský,U13,6,1
2024,Z,KSST Ústecký,U13,7,2
2024,Z,Moravskoslezský SST,U13,17,2
2024,Z,Pražský SST,U13,5,1
2024,Z,Středočeský SST,U13,25,5
2025,M,KSST Jihomoravský,U13,118,5
2025,M,KSST Jihočeský,U13,46,3
2025,M,KSST Karlovarský,U13,7,1
2025,M,KSST Kralovéhradecký,U13,63,4
2025,M,KSST Liberecký,U13,30,4
2025,M,KSST Olomoucký,U13,17,7
2025,M,KSST Pardubický,U13,21,3
2025,M,KSST Plzeňský,U13,16,2
2025,M,KSST Vysočina,U13,42,12
2025,M,KSST Zlínský,U13,49,5
2025,M,KSST Ústecký,U13,18,4
2025,M,Moravskoslezský SST,U13,47,5
2025,M,Pražský SST,U13,19,8
2025,M,Středočeský SST,U13,96,13
2025,Z,KSST Jihomoravský,U13,46,1
2025,Z,KSST Jihočeský,U13,12,5
2025,Z,KSST Karlovarský,U13,3,
2025,Z,KSST Kralovéhradecký,U13,24,1
2025,Z,KSST Liberecký,U13,7,1
2025,Z,KSST Olomoucký,U13,8,4
2025,Z,KSST Pardubický,U13,9,1
2025,Z,KSST Plzeňský,U13,12,3
2025,Z,KSST Vysočina,U13,16,4
2025,Z,KSST Zlínský,U13,8,1
2025,Z,KSST Ústecký,U13,6,1
2025,Z,Moravskoslezský SST,U13,16,3
2025,Z,Pražský SST,U13,7,4
2025,Z,Středočeský SST,U13,24,2
2026,M,KSST Jihomoravský,U13,100,7
2026,M,KSST Jihočeský,U13,56,10
2026,M,KSST Karlovarský,U13,7,3
2026,M,KSST Kralovéhradecký,U13,61,3
2026,M,KSST Liberecký,U13,42,5
2026,M,KSST Olomoucký,U13,22,5
2026,M,KSST Pardubický,U13,29,
2026,M,KSST Plzeňský,U13,44,4
2026,M,KSST Vysočina,U13,35,12
2026,M,KSST Zlínský,U13,49,7
2026,M,KSST Ústecký,U13,31,5
2026,M,Moravskoslezský SST,U13,63,10
2026,M,Pražský SST,U13,26,5
2026,M,Středočeský SST,U13,95,13
2026,Z,KSST Jihomoravský,U13,40,7
2026,Z,KSST Jihočeský,U13,18,2
2026,Z,KSST Karlovarský,U13,1,1
2026,Z,KSST Kralovéhradecký,U13,19,3
2026,Z,KSST Liberecký,U13,4,
2026,Z,KSST Olomoucký,U13,6,1
2026,Z,KSST Pardubický,U13,10,1
2026,Z,KSST Plzeňský,U13,12,1
2026,Z,KSST Vysočina,U13,10,2
2026,Z,KSST Zlínský,U13,8,1
2026,Z,KSST Ústecký,U13,5,
2026,Z,Moravskoslezský SST,U13,10,5
2026,Z,Pražský SST,U13,9,3
2026,Z,Středočeský SST,U13,18,2
2012,M,,U11,113,
2012,Z,,U11,37,
2013,M,,U11,140,34
2013,Z,,U11,38,10
2014,M,,U11,143,33
2014,Z,,U11,50,17
2015,M,,U11,176,40
2015,Z,,U11,44,8
2016,M,,U11,202,42
2016,Z,,U11,67,10
2017,M,,U11,209,45
2017,Z,,U11,62,9
2018,M,,U11,215,31
2018,Z,,U11,66,8
2019,M,,U11,245,30
2019,Z,,U11,78,4
2020,M,,U11,249,28
2020,Z,,U11,80,1
2021,M,,U11,28,9
2021,Z,,U11,14,2
2022,M,,U11,117,3
2022,Z,,U11,49,2
2023,M,,U11,172,3
2023,Z,,U11,68,3
2024,M,,U11,175,9
2024,Z,,U11,61,2
2025,M,,U11,183,14
2025,Z,,U11,68,8
2026,M,,U11,205,19
2026,Z,,U11,55,4
2012,M,KSST Jihomoravský,U11,18,
2012,M,KSST Jihočeský,U11,6,
2012,M,KSST Kralovéhradecký,U11,25,
2012,M,KSST Olomoucký,U11,3,
2012,M,KSST Pardubický,U11,12,
2012,M,KSST Plzeňský,U11,9,
2012,M,KSST Vysočina,U11,3,
2012,M,Moravskoslezský SST,U11,17,
2012,M,Pražský SST,U11,11,
2012,M,Středočeský SST,U11,9,
2012,Z,KSST Jihomoravský,U11,9,
2012,Z,KSST Jihočeský,U11,8,
2012,Z,KSST Kralovéhradecký,U11,4,
2012,Z,KSST Olomoucký,U11,3,
2012,Z,KSST Pardubický,U11,1,
2012,Z,KSST Plzeňský,U11,3,
2012,Z,Moravskoslezský SST,U11,5,
2012,Z,Pražský SST,U11,3,
2012,Z,Středočeský SST,U11,1,
2013,M,KSST Jihomoravský,U11,27,5
2013,M,KSST Jihočeský,U11,9,2
2013,M,KSST Kralovéhradecký,U11,29,10
2013,M,KSST Liberecký,U11,1,
2013,M,KSST Olomoucký,U11,3,1
2013,M,KSST Pardubický,U11,11,2
2013,M,KSST Plzeňský,U11,11,5
2013,M,KSST Vysočina,U11,3,
2013,M,Moravskoslezský SST,U11,27,8
2013,M,Pražský SST,U11,3,1
2013,M,Středočeský SST,U11,16,
2013,Z,KSST Jihomoravský,U11,12,4
2013,Z,KSST Jihočeský,U11,1,
2013,Z,KSST Kralovéhradecký,U11,2,1
2013,Z,KSST Pardubický,U11,4,
2013,Z,KSST Plzeňský,U11,3,3
2013,Z,KSST Vysočina,U11,1,
2013,Z,Moravskoslezský SST,U11,5,
2013,Z,Pražský SST,U11,4,2
2013,Z,Středočeský SST,U11,6,
2014,M,KSST Jihomoravský,U11,37,8
2014,M,KSST Jihočeský,U11,7,3
2014,M,KSST Karlovarský,U11,4,
2014,M,KSST Kralovéhradecký,U11,23,4
2014,M,KSST Liberecký,U11,7,
2014,M,KSST Olomoucký,U11,1,
2014,M,KSST Pardubický,U11,12,
2014,M,KSST Plzeňský,U11,10,5
2014,M,KSST Vysočina,U11,5,1
2014,M,KSST Zlínský,U11,1,
2014,M,KSST Ústecký,U11,2,
2014,M,Moravskoslezský SST,U11,15,8
2014,M,Pražský SST,U11,7,
2014,M,Středočeský SST,U11,12,4
2014,Z,KSST Jihomoravský,U11,18,5
2014,Z,KSST Karlovarský,U11,2,
2014,Z,KSST Kralovéhradecký,U11,7,1
2014,Z,KSST Olomoucký,U11,1,
2014,Z,KSST Pardubický,U11,4,2
2014,Z,KSST Plzeňský,U11,4,3
2014,Z,KSST Vysočina,U11,1,1
2014,Z,KSST Ústecký,U11,1,
2014,Z,Moravskoslezský SST,U11,6,2
2014,Z,Pražský SST,U11,3,2
2014,Z,Středočeský SST,U11,3,1
2015,M,KSST Jihomoravský,U11,34,13
2015,M,KSST Jihočeský,U11,9,2
2015,M,KSST Karlovarský,U11,3,
2015,M,KSST Kralovéhradecký,U11,23,2
2015,M,KSST Liberecký,U11,9,3
2015,M,KSST Olomoucký,U11,1,
2015,M,KSST Pardubický,U11,11,3
2015,M,KSST Plzeňský,U11,9,3
2015,M,KSST Vysočina,U11,8,1
2015,M,KSST Zlínský,U11,3,1
2015,M,KSST Ústecký,U11,7,
2015,M,Moravskoslezský SST,U11,36,7
2015,M,Pražský SST,U11,7,4
2015,M,Středočeský SST,U11,16,1
2015,Z,KSST Jihomoravský,U11,6,2
2015,Z,KSST Jihočeský,U11,3,
2015,Z,KSST Karlovarský,U11,1,
2015,Z,KSST Kralovéhradecký,U11,4,1
2015,Z,KSST Liberecký,U11,3,
2015,Z,KSST Pardubický,U11,5,2
2015,Z,KSST Plzeňský,U11,2,
2015,Z,KSST Vysočina,U11,2,
2015,Z,KSST Zlínský,U11,2,
2015,Z,KSST Ústecký,U11,2,1
2015,Z,Moravskoslezský SST,U11,7,1
2015,Z,Pražský SST,U11,2,1
2015,Z,Středočeský SST,U11,5,
2016,M,KSST Jihomoravský,U11,41,7
2016,M,KSST Jihočeský,U11,12,2
2016,M,KSST Karlovarský,U11,2,1
2016,M,KSST Kralovéhradecký,U11,27,3
2016,M,KSST Liberecký,U11,5,1
2016,M,KSST Olomoucký,U11,3,
2016,M,KSST Pardubický,U11,17,6
2016,M,KSST Plzeňský,U11,6,1
2016,M,KSST Vysočina,U11,10,2
2016,M,KSST Zlínský,U11,12,1
2016,M,KSST Ústecký,U11,10,3
2016,M,Moravskoslezský SST,U11,32,7
2016,M,Pražský SST,U11,8,5
2016,M,Středočeský SST,U11,17,3
2016,Z,KSST Jihomoravský,U11,8,1
2016,Z,KSST Jihočeský,U11,3,
2016,Z,KSST Karlovarský,U11,7,1
2016,Z,KSST Kralovéhradecký,U11,13,1
2016,Z,KSST Liberecký,U11,6,1
2016,Z,KSST Pardubický,U11,4,
2016,Z,KSST Plzeňský,U11,5,1
2016,Z,KSST Vysočina,U11,1,
2016,Z,KSST Ústecký,U11,2,1
2016,Z,Moravskoslezský SST,U11,6,2
2016,Z,Pražský SST,U11,4,1
2016,Z,Středočeský SST,U11,8,1
2017,M,KSST Jihomoravský,U11,37,12
2017,M,KSST Jihočeský,U11,8,1
2017,M,KSST Kralovéhradecký,U11,20,5
2017,M,KSST Liberecký,U11,13,1
2017,M,KSST Olomoucký,U11,2,1
2017,M,KSST Pardubický,U11,17,2
2017,M,KSST Plzeňský,U11,8,1
2017,M,KSST Vysočina,U11,4,3
2017,M,KSST Zlínský,U11,29,2
2017,M,KSST Ústecký,U11,8,5
2017,M,Moravskoslezský SST,U11,34,7
2017,M,Pražský SST,U11,5,2
2017,M,Středočeský SST,U11,24,3
2017,Z,KSST Jihomoravský,U11,7,
2017,Z,KSST Jihočeský,U11,2,
2017,Z,KSST Karlovarský,U11,4,3
2017,Z,KSST Kralovéhradecký,U11,11,2
2017,Z,KSST Liberecký,U11,2,1
2017,Z,KSST Pardubický,U11,5,
2017,Z,KSST Plzeňský,U11,6,1
2017,Z,KSST Vysočina,U11,2,
2017,Z,KSST Zlínský,U11,4,
2017,Z,KSST Ústecký,U11,2,1
2017,Z,Moravskoslezský SST,U11,6,1
2017,Z,Pražský SST,U11,2,
2017,Z,Středočeský SST,U11,9,
2018,M,KSST Jihomoravský,U11,35,4
2018,M,KSST Jihočeský,U11,2,1
2018,M,KSST Karlovarský,U11,4,
2018,M,KSST Kralovéhradecký,U11,18,2
2018,M,KSST Liberecký,U11,12,4
2018,M,KSST Olomoucký,U11,4,
2018,M,KSST Pardubický,U11,12,1
2018,M,KSST Plzeňský,U11,10,2
2018,M,KSST Vysočina,U11,5,1
2018,M,KSST Zlínský,U11,33,5
2018,M,KSST Ústecký,U11,6,2
2018,M,Moravskoslezský SST,U11,48,6
2018,M,Pražský SST,U11,5,1
2018,M,Středočeský SST,U11,21,2
2018,Z,KSST Jihomoravský,U11,15,
2018,Z,KSST Jihočeský,U11,2,
2018,Z,KSST Karlovarský,U11,1,
2018,Z,KSST Kralovéhradecký,U11,10,1
2018,Z,KSST Liberecký,U11,4,1
2018,Z,KSST Pardubický,U11,4,
2018,Z,KSST Plzeňský,U11,3,2
2018,Z,KSST Vysočina,U11,3,1
2018,Z,KSST Zlínský,U11,8,
2018,Z,KSST Ústecký,U11,1,
2018,Z,Moravskoslezský SST,U11,10,2
2018,Z,Pražský SST,U11,2,1
2018,Z,Středočeský SST,U11,3,
2019,M,KSST Jihomoravský,U11,39,3
2019,M,KSST Jihočeský,U11,11,1
2019,M,KSST Karlovarský,U11,3,1
2019,M,KSST Kralovéhradecký,U11,23,3
2019,M,KSST Liberecký,U11,13,1
2019,M,KSST Olomoucký,U11,6,
2019,M,KSST Pardubický,U11,15,1
2019,M,KSST Plzeňský,U11,12,3
2019,M,KSST Vysočina,U11,14,
2019,M,KSST Zlínský,U11,29,7
2019,M,KSST Ústecký,U11,9,1
2019,M,Moravskoslezský SST,U11,39,5
2019,M,Pražský SST,U11,5,2
2019,M,Středočeský SST,U11,27,2
2019,Z,KSST Jihomoravský,U11,17,2
2019,Z,KSST Karlovarský,U11,1,
2019,Z,KSST Kralovéhradecký,U11,13,1
2019,Z,KSST Liberecký,U11,2,
2019,Z,KSST Olomoucký,U11,1,
2019,Z,KSST Pardubický,U11,2,
2019,Z,KSST Plzeňský,U11,1,
2019,Z,KSST Vysočina,U11,2,
2019,Z,KSST Zlínský,U11,8,1
2019,Z,KSST Ústecký,U11,2,
2019,Z,Moravskoslezský SST,U11,12,
2019,Z,Pražský SST,U11,2,
2019,Z,Středočeský SST,U11,15,
2020,M,KSST Jihomoravský,U11,54,2
2020,M,KSST Jihočeský,U11,11,2
2020,M,KSST Karlovarský,U11,1,
2020,M,KSST Kralovéhradecký,U11,33,
2020,M,KSST Liberecký,U11,9,
2020,M,KSST Olomoucký,U11,7,
2020,M,KSST Pardubický,U11,8,1
2020,M,KSST Plzeňský,U11,14,1
2020,M,KSST Vysočina,U11,5,2
2020,M,KSST Zlínský,U11,41,5
2020,M,KSST Ústecký,U11,7,3
2020,M,Moravskoslezský SST,U11,20,6
2020,M,Pražský SST,U11,5,2
2020,M,Středočeský SST,U11,34,4
2020,Z,KSST Jihomoravský,U11,18,
2020,Z,KSST Jihočeský,U11,5,
2020,Z,KSST Kralovéhradecký,U11,8,
2020,Z,KSST Liberecký,U11,1,
2020,Z,KSST Olomoucký,U11,2,
2020,Z,KSST Pardubický,U11,5,
2020,Z,KSST Plzeňský,U11,5,
2020,Z,KSST Vysočina,U11,1,
2020,Z,KSST Zlínský,U11,7,
2020,Z,KSST Ústecký,U11,1,
2020,Z,Moravskoslezský SST,U11,10,
2020,Z,Pražský SST,U11,3,
2020,Z,Středočeský SST,U11,14,1
2021,M,KSST Jihomoravský,U11,8,1
2021,M,KSST Jihočeský,U11,1,1
2021,M,KSST Kralovéhradecký,U11,2,
2021,M,KSST Liberecký,U11,1,
2021,M,KSST Pardubický,U11,1,
2021,M,KSST Plzeňský,U11,1,1
2021,M,KSST Zlínský,U11,1,1
2021,M,KSST Ústecký,U11,1,
2021,M,Moravskoslezský SST,U11,6,3
2021,M,Pražský SST,U11,1,
2021,M,Středočeský SST,U11,5,2
2021,Z,KSST Jihomoravský,U11,3,1
2021,Z,KSST Jihočeský,U11,1,
2021,Z,KSST Ústecký,U11,2,
2021,Z,Moravskoslezský SST,U11,3,
2021,Z,Pražský SST,U11,3,1
2021,Z,Středočeský SST,U11,2,
2022,M,KSST Jihomoravský,U11,33,1
2022,M,KSST Jihočeský,U11,5,
2022,M,KSST Karlovarský,U11,1,
2022,M,KSST Kralovéhradecký,U11,18,
2022,M,KSST Liberecký,U11,3,
2022,M,KSST Pardubický,U11,2,
2022,M,KSST Plzeňský,U11,6,
2022,M,KSST Vysočina,U11,7,
2022,M,KSST Zlínský,U11,16,
2022,M,KSST Ústecký,U11,2,
2022,M,Moravskoslezský SST,U11,11,2
2022,M,Pražský SST,U11,1,
2022,M,Středočeský SST,U11,12,
2022,Z,KSST Jihomoravský,U11,16,1
2022,Z,KSST Jihočeský,U11,3,
2022,Z,KSST Karlovarský,U11,1,
2022,Z,KSST Kralovéhradecký,U11,5,
2022,Z,KSST Liberecký,U11,3,
2022,Z,KSST Olomoucký,U11,4,
2022,Z,KSST Pardubický,U11,1,
2022,Z,KSST Plzeňský,U11,1,
2022,Z,KSST Vysočina,U11,2,
2022,Z,KSST Zlínský,U11,2,
2022,Z,KSST Ústecký,U11,2,
2022,Z,Moravskoslezský SST,U11,5,1
2022,Z,Středočeský SST,U11,4,
2023,M,KSST Jihomoravský,U11,42,1
2023,M,KSST Jihočeský,U11,1,
2023,M,KSST Karlovarský,U11,1,
2023,M,KSST Kralovéhradecký,U11,25,1
2023,M,KSST Liberecký,U11,3,
2023,M,KSST Olomoucký,U11,5,
2023,M,KSST Pardubický,U11,4,
2023,M,KSST Plzeňský,U11,5,
2023,M,KSST Vysočina,U11,17,
2023,M,KSST Zlínský,U11,20,
2023,M,KSST Ústecký,U11,4,
2023,M,Moravskoslezský SST,U11,11,1
2023,M,Pražský SST,U11,7,
2023,M,Středočeský SST,U11,27,
2023,Z,KSST Jihomoravský,U11,19,1
2023,Z,KSST Jihočeský,U11,1,
2023,Z,KSST Kralovéhradecký,U11,7,
2023,Z,KSST Liberecký,U11,5,
2023,Z,KSST Olomoucký,U11,5,1
2023,Z,KSST Pardubický,U11,3,
2023,Z,KSST Plzeňský,U11,3,
2023,Z,KSST Vysočina,U11,2,1
2023,Z,KSST Zlínský,U11,3,
2023,Z,KSST Ústecký,U11,1,
2023,Z,Moravskoslezský SST,U11,7,
2023,Z,Pražský SST,U11,2,
2023,Z,Středočeský SST,U11,10,
2024,M,KSST Jihomoravský,U11,29,
2024,M,KSST Jihočeský,U11,12,
2024,M,KSST Karlovarský,U11,1,1
2024,M,KSST Kralovéhradecký,U11,27,
2024,M,KSST Liberecký,U11,4,
2024,M,KSST Olomoucký,U11,4,
2024,M,KSST Pardubický,U11,8,
2024,M,KSST Plzeňský,U11,4,1
2024,M,KSST Vysočina,U11,14,1
2024,M,KSST Zlínský,U11,19,
2024,M,KSST Ústecký,U11,5,1
2024,M,Moravskoslezský SST,U11,17,2
2024,M,Pražský SST,U11,6,2
2024,M,Středočeský SST,U11,25,1
2024,Z,KSST Jihomoravský,U11,14,1
2024,Z,KSST Jihočeský,U11,9,
2024,Z,KSST Kralovéhradecký,U11,11,
2024,Z,KSST Olomoucký,U11,4,
2024,Z,KSST Pardubický,U11,2,
2024,Z,KSST Plzeňský,U11,1,
2024,Z,KSST Vysočina,U11,5,
2024,Z,KSST Zlínský,U11,3,
2024,Z,KSST Ústecký,U11,1,
2024,Z,Moravskoslezský SST,U11,4,1
2024,Z,Pražský SST,U11,1,
2024,Z,Středočeský SST,U11,6,
2025,M,KSST Jihomoravský,U11,39,
2025,M,KSST Jihočeský,U11,20,2
2025,M,KSST Karlovarský,U11,3,
2025,M,KSST Kralovéhradecký,U11,21,
2025,M,KSST Liberecký,U11,12,1
2025,M,KSST Olomoucký,U11,3,
2025,M,KSST Pardubický,U11,3,
2025,M,KSST Plzeňský,U11,4,
2025,M,KSST Vysočina,U11,10,3
2025,M,KSST Zlínský,U11,17,1
2025,M,KSST Ústecký,U11,6,1
2025,M,Moravskoslezský SST,U11,14,1
2025,M,Pražský SST,U11,4,1
2025,M,Středočeský SST,U11,27,4
2025,Z,KSST Jihomoravský,U11,18,
2025,Z,KSST Jihočeský,U11,5,1
2025,Z,KSST Karlovarský,U11,1,
2025,Z,KSST Kralovéhradecký,U11,11,
2025,Z,KSST Liberecký,U11,2,
2025,Z,KSST Olomoucký,U11,3,1
2025,Z,KSST Pardubický,U11,3,
2025,Z,KSST Plzeňský,U11,2,
2025,Z,KSST Vysočina,U11,3,1
2025,Z,KSST Zlínský,U11,4,
2025,Z,Moravskoslezský SST,U11,8,2
2025,Z,Pražský SST,U11,2,2
2025,Z,Středočeský SST,U11,6,1
2026,M,KSST Jihomoravský,U11,33,1
2026,M,KSST Jihočeský,U11,11,1
2026,M,KSST Karlovarský,U11,4,2
2026,M,KSST Kralovéhradecký,U11,22,1
2026,M,KSST Liberecký,U11,12,1
2026,M,KSST Olomoucký,U11,8,1
2026,M,KSST Pardubický,U11,4,
2026,M,KSST Plzeňský,U11,17,
2026,M,KSST Vysočina,U11,10,2
2026,M,KSST Zlínský,U11,17,1
2026,M,KSST Ústecký,U11,9,2
2026,M,Moravskoslezský SST,U11,19,3
2026,M,Pražský SST,U11,4,
2026,M,Středočeský SST,U11,35,4
2026,Z,KSST Jihomoravský,U11,8,
2026,Z,KSST Jihočeský,U11,7,
2026,Z,KSST Kralovéhradecký,U11,7,
2026,Z,KSST Liberecký,U11,1,
2026,Z,KSST Olomoucký,U11,2,
2026,Z,KSST Pardubický,U11,3,
2026,Z,KSST Plzeňský,U11,2,
2026,Z,KSST Vysočina,U11,3,1
2026,Z,KSST Zlínský,U11,4,
2026,Z,KSST Ústecký,U11,2,
2026,Z,Moravskoslezský SST,U11,4,3
2026,Z,Pražský SST,U11,4,
2026,Z,Středočeský SST,U11,8,
